24,H1
24,H3
24,H7
24,H8
25,H9
25,H10
25,H11
25,H12
25,H13
26,H14
25,H15
25,H16
25,H17
27,H18
25,H19
28,H20
24,H21
29,H22
28,H23
25,H24
26,H25
30,H25
25,H26
25,H27
25,H28
25,H29
25,H30
25,H31
24,H32
24,H33
25,H34
26,H35
25,H36
25,H37
25,H38
25,H39
25,H42
25,H43
25,H44
25,H45
24,H46
25,H47
25,H48
25,H49
25,H50
25,H51
25,H52
25,H53
25,H57
25,H61
31,H61
25,H65
25,H69
25,H73
25,H79
25,H80
25,H81
25,H82
25,H83
25,H84
32,H40
32,H41
25,H54
25,H55
25,H56
25,H58
25,H59
25,H60
25,H62
25,H63
25,H64
25,H66
25,H67
25,H68
25,H70
25,H71
25,H72
25,H74
25,H75
25,H76
25,H77
25,H78
31,WKD10
30,WKD50
31,ALu2
31,ALu3
30,ALu5
31,ALu6
33,ALu30
30,ESP9
30,ESP10
34,ESP11
34,ESP12
24,ESP25
24,ESP26
24,ESP27
24,ESP28
24,ESP40
35,GMs4
36,GMs6
37,GMs6
36,GMs8
38,GMs20
24,AMv10
38,WRB10
24,CPa50
39,WHa1
40,WHa8
32,WMc10
27,ThE10
40,ThE10
32,JaC1
34,JaC10
34,JaC15
34,JaC20
34,JaC23
32,JaC25
27,JaC28
34,GKS60
41,LMi1
41,LMi5
24,LMi23
24,LMi25
24,LMi35
24,DWG7
24,DWG8
24,DWG9
40,DWG10
30,DWG11
34,DWG15
24,DWG27
40,DWG40
34,DWG49
24,DWG50
42,DWG51
42,DWG52
24,DWG52
24,DWG55
24,DWG57
26,DWG58
24,DWG64
42,DWG67
34,DWG71
24,DWG71
24,DWG72
31,DWG72
40,DWG80
26,Z0210
26,Z0220
26,Z0230
26,Z0240
26,Z0250
26,Z0260
26,Z0270
37,EiC10
41,GdL10
24,MCs2
24,MCs3
24,MCs10
37,WMk10
26,FkP10
24,GlS10
43,ISB10
24,ThB10
24,ThB30
24,ThB55
24,UgF10
26,UgF12
32,APv11
24,AuB10
34,ThI10
34,ThI18
34,ThI33
38,ThI40
34,ThI65
24,UrG10
24,WmH10
24,ADw5
24,ADw6
32,ADw17
32,ADw22
26,ADw27
26,ADw35
24,ADw40
33,ADw45
27,ADw52
33,ADw60
34,ADw70
34,ADw72
34,ADw75
32,ADw78
24,ADw80
24,AEG37
24,AEG41
28,AEG50
40,AEG60
27,AEG60
40,AEG70
27,AEG70
44,JCw41
26,JCw44
30,JCw50
24,JCw53
42,JCw57
24,JCw61
26,JCw62
30,JDu10
45,MaT10
24,MaT25
24,MaT27
45,MaT40
40,LMe10
24,LoW3
24,LoW5
27,LoW11
25,ME180
25,ME240
30,MSe10
30,MSe15
30,MSe18
30,MSt30
24,MSt30
26,MSt40
24,MSt53
41,SiO10
41,SiO30
24,VSj1
24,VSj6
40,VSj7
24,VSj8
45,Z1210
45,Z1220
45,Z1230
24,ElR10
26,NOx20
46,AcG10
34,BuG10
27,CDM0
34,CDM1
24,CDM3
24,CDM5
24,CDM6
24,CDM7
24,CDM9
24,CDM15
24,CDM17
24,CDM18
24,CDM19
24,CDM22
34,CDM32
26,CDM40
42,CDM45
42,CDM51
24,CDM55
42,CDM56
24,CDM59
34,CDM64
42,CDM68
32,CDM68
42,CDM75
42,CDM77
42,CDM78
26,CDM78
42,CDM79
42,CDM80
24,EGz10
24,GBS10
24,GBS20
24,GBS30
24,GBS40
31,GBS42
24,GBS90
24,GBS92
34,GBS92
24,GBS93
24,GBS95
24,GBS96
24,GBS97
24,GBS98
24,GBS100
24,GBS102
24,GBS103
30,GBS110
34,GBS115
24,GBS120
30,GBS130
30,GBS132
24,GBS140
30,GBS144
30,GBS145
30,GBS150
24,BHd10
24,DGP1
33,HBn5
38,HBn8
26,HBn25
33,HBn30
33,HBn40
24,HHS1
24,HHS3
24,HHS6
24,HHS8
31,HHS9
31,HHS12
31,HHS13
31,HHS14
31,HHS15
31,HHS16
31,HHS22
31,HHS24
31,HHS26
31,HHS28
31,HHS36
31,HHS38
31,HHS48
31,HHS50
32,Z4210
32,Z4215
32,Z4220
32,Z4222
32,Z4225
32,Z4230
32,Z4240
30,ADA10
24,AK50
24,AK59
26,AK90
40,AK90
30,AK96
24,CC1
24,CC43
30,CC50
30,CC52
30,CC62
30,CC66
24,CC68
24,CC70
24,CC72
24,CC73
30,CC75
30,CC78
30,CC80
24,CC80
30,CGl10
42,CGl42
42,CGl44
42,CGl46
42,CGl48
24,CGl115
30,CWl10
31,ECs10
24,ECs10
30,El9
30,El13
30,El15
24,EL19
24,EL21
30,EL28
24,EL29
24,EL31
30,EL33
30,EL34
30,El35
24,EL36
24,EL37
24,EL38
24,EL39
24,EL40
26,EL42
26,EL44
40,EL44
30,EL46
26,EL48
27,EL52
27,EL53
27,EL54
26,EL56
27,EL56
26,EL57
27,EL61
30,EL63
26,EL64
26,EL65
30,EL67
26,EL68
26,EL69
24,PFo10
42,PFo10
33,PFo10
24,PFo15
24,PFo20
24,PFo25
24,ReB8
24,ReB10
24,ASa14
24,ASa29
24,ASa30
26,ASa31
24,ASa34
30,ASa39
24,ASa41
24,ASa47
24,ASa49
40,ASa50
24,ASa51
24,ECa62
27,ECa64
32,ECa65
47,GD19
26,GMf20
24,GMf21
26,GMf40
26,GMf50
39,GMf60
24,GMf70
24,GuS10
24,GuS12
40,IGA50
40,IGA70
30,JGE10
41,JGE18
42,JGE20
24,JGE25
24,JMa30
30,LaW10
39,LFl30
48,LFl50
45,LFl70
32,RaW2
30,RaW20
24,RaW47
32,RaW59
40,RaW59
27,RaW59
27,RaW60
45,RaW62
40,RaW63
26,RaW64
32,RaW66
24,RaW72
27,RaW73
34,RaW75
34,RaW77
32,RaW78
34,RaW80
26,RaW82
24,RaW85
24,RaW87
30,SG30
40,SG33
40,SG37
40,SG43
28,SG54
24,SG60
24,SG66
28,SG69
28,SG71
30,SG71
31,WDT10
26,WDT19
24,WDT27
24,Z1510
24,Z1512
24,Z1514
24,Z1516
24,Z1518
24,Z1520
24,Z1522
24,Z1524
24,Z1526
24,Z1528
24,Z1530
24,Z1532
24,Z1536
24,Z1538
24,Z1540
24,Z1542
24,Z1544
24,Z1546
24,Z1548
24,Z1550
24,Z1552
24,Z1554
24,Z1556
24,Z1558
24,Z1560
24,Z1562
24,Z1564
24,Z1566
24,Z1568
24,Z1570
24,Z1572
30,Z1578
40,AG20
42,AG20
24,AG30
40,AG40
42,AG40
24,AG50
41,AG65
41,AG70
49,ECn167
34,ECn168
30,ECn168
30,ECn169
27,ECn177
30,ECn177
24,HK25
27,HK30
30,HK50
24,HK56
41,HK58
24,HK66
27,HK67
32,HK69
24,HK76
40,HK77
32,HK80
25,HK82
34,HK83
42,HK86
32,HK89
26,HK89
26,HK91
32,HK92
32,HK94
30,JqF4
30,JqF6
24,JqF25
24,JqF30
30,JqF40
32,JqF50
26,JqF50
24,MaN30
30,MaN35
26,MaN40
24,SFr42
30,SFr42
30,SFr43
24,SFr46
24,SFr60
34,EJL10
26,WDM3
26,WDM5
24,AbA10
50,BsK4
30,BsK6
30,BsK16
30,BsK19
30,BsK21
30,BsK22
30,BsK23
30,BsK24
30,BsK25
30,BsK26
30,BsK27
24,FbM10
24,FLl4
24,FLl7
24,FLl10
40,FLl30
24,FLl40
24,FLl59
26,FLl62
24,FLl70
32,FLl75
34,FLl80
24,FLl85
40,FLl85
32,FLl89
33,FLl99
27,GM190
34,GM200
40,GM222
51,GM223
30,GM225
24,GM226
24,GM227
34,GM235
40,GM237
24,GM237
26,GM237
30,GM238
30,GM240
34,GM240
30,GM242
34,GM300
25,GM305
30,GM305
30,GM310
30,HL1
30,HL2
30,HL3
30,HL4
31,HL4
30,HL8
30,HL20
34,IF15
34,IF43
30,IF75
24,IF76
24,IF78
41,IF79
26,IF81
24,IF83
34,IF86
40,IF87
34,IF88
24,IF91
24,IF92
52,IF94
34,IF99
34,IF100
34,IF101
34,IF103
24,IF106
32,IF108
30,IF111
33,IF111
33,IF112
34,IF112
24,IF115
34,IF120
30,IF125
34,IF129
24,IF135
30,ISR5
39,ISR10
39,ISR30
25,RWN10
39,RWN15
25,RWN20
25,RWN24
25,RWN26
25,RWN28
25,RWN30
25,RWN34
25,RWN36
25,RWN38
25,RWN44
25,RWN46
40,RyB8
30,RyB9
37,RyB9
24,RyB10
24,RyB12
27,RyB14
34,RyB18
30,ViS5
24,ViS58
34,ViS60
27,ViS81
27,ViS83
30,ViS84
30,ViS86
30,ViS87
28,ChB9
24,EvS1
27,EvS6
24,EvS7
32,FrN3
53,FrN4
32,FrN5
32,FrN8
24,FrN11
24,IMS20
24,IMS25
26,IMS30
40,IMS35
24,IMS40
30,IMS50
24,IMS60
24,JKm10
30,KV24
30,KV25
24,KV26
24,KV27
26,KV34
24,KV34
24,KV38
24,KV40
32,KV42
24,KV50
27,KV54
30,KV55
26,KV56
34,KV56
24,KV58
24,KV59
26,KV60
34,KV61
54,KV62
24,TB34
39,TB35
39,TB55
39,TB60
39,TB67
39,TB70
30,WAS77
30,WAS80
26,WAS80
30,WAS82
27,WAS83
30,WAS85
30,WAS95
30,WAS100
26,WAS112
27,WAS112
26,WAS115
30,WAS125
26,WAS130
34,WvD33
24,WvD34
24,WvD36
30,WvD49
26,WvD49
24,WvD50
30,WvD51
27,WvD53
30,WvD54
26,WvD54
55,WvD56
30,WvD57
26,WvD57
27,WvD58
30,WvD60
42,WvD64
40,WvD64
26,WvD65
28,WvD67
30,WvD67
30,WvD69
30,WvD70
26,WvD72
25,WvD75
30,WvD76
30,WvD79
24,WvD79
24,AbP10
24,AbP50
42,C40
39,C91
28,C94
32,C104
32,C106
24,C109
32,C112
26,C113
24,C115
26,C117
40,C118
34,C119
26,C120
34,C122
56,C123
25,C124
27,C126
25,C131
24,C134
27,C135
40,C135
26,C136
24,C136
24,C140
40,C142
32,C143
26,C146
27,C157
30,C160
27,C161
27,C165
32,C171
34,CBa30
26,CBa40
26,CBa45
26,CBa50
28,EmC10
38,FL8
25,FL9
42,FL11
42,FL12
36,FL13
24,FL14
38,FL15
24,FL16
25,FL16
24,FL19
33,FL20
34,FL23
25,FL24
25,FL27
25,FL28
24,FL29
32,FL30
24,FL35
25,FL37
39,FM3
24,FM4
24,FM6
26,FM7
24,FM9
24,FM10
26,FM10
30,FNm5
30,FNm10
30,FNm12
30,FNm18
30,FNm30
30,FNm32
28,GAr58
25,GAr59
30,GAr59
32,GAr60
24,GAr60
30,GAr80
24,GF30
24,GF31
26,GF70
26,GF90
24,GF150
24,GF160
24,GF170
30,HB60
24,HB85
33,HB85
24,HB86
25,HB95
30,HuF8
24,HuF8
26,JuD8
24,JuD10
27,JuD10
30,JuD13
51,JuD15
25,JuD15
30,JuD20
26,JuD20
57,RhS1
27,RhS15
24,RhS20
32,RiO15
30,RiO25
30,RiO30
30,RiO50
39,RW1
39,RW30
26,CBw9
24,CBw12
24,CBw15
24,CBw17
26,CBw18
26,CBw19
24,CBw22
26,CBw27
27,CBw27
26,CBw28
30,CBw30
26,CBw31
40,CBw31
26,CBw32
30,CBw32
40,CBw33
30,CBw35
26,CBw36
40,CBw37
30,CBw38
26,CBw38
26,CBw41
42,CBw41
24,CBw42
24,CBw43
24,CBw45
30,CBw48
26,CBw48
24,CDr9
39,CDr10
24,CDr30
24,CDr40
24,CuB34
27,CuB37
27,CuB39
24,CuB40
30,CuB44
26,FB13
26,FB15
24,FB21
26,FB27
26,FB29
26,FB39
26,FB40
24,FB42
24,FB43
24,FB45
24,FB51
24,FB52
24,GCt20
24,GCt27
30,GCt50
26,GRi10
24,HBl10
30,HBl20
26,HWx9
40,HWx11
40,HWx16
40,HWx17
26,HWx21
27,HWx21
27,HWx22
24,HWx45
25,HWx54
24,HWx55
24,HWx60
30,JWH10
30,JWH20
30,JWH30
30,JWH40
30,JWH48
30,JWH50
34,JWH60
30,JWH70
30,JWH75
30,JWH80
25,JWH100
30,JWH120
24,LPo10
38,LPo10
31,RoF1
31,RoF10
31,RoF20
31,RoF30
24,SW2
24,SW6
26,SW7
27,SW7
30,SW8
30,SW10
30,SW12
24,SW13
24,SW15
24,SW18
30,SW19
24,SW21
32,SW22
30,SW25
24,SW28
25,SW30
40,SW33
58,VF17
24,VF19
24,VF23
24,VF25
32,VF31
32,VF33
32,VF36
24,VF37
30,VF38
26,VF38
40,VF39
32,VF41
33,VF42
38,VF43
24,VF44
38,VF45
24,VF46
26,VF47
24,VF48
30,ViH20
26,AdB21
30,EdS50
30,EdS60
30,EdS65
30,EdS75
26,EHG15
24,EHG20
24,EHG30
24,EHG38
30,EHG48
27,EHG50
30,EHG50
47,HRi4
47,HRi17
47,HRi19
59,PRo55
30,PRo80
28,PRo80
28,PRo83
30,PRo83
30,PRo86
28,PRo86
28,PRo90
30,PRo90
28,PRo93
30,PRo93
28,PRo96
30,PRo96
60,RaI50
25,RaI55
24,RCS10
30,SaT4
30,SaT5
30,SaT6
30,SaT8
30,SaT9
30,SaT10
30,SaT15
24,SaT17
30,SaT20
30,SaT23
24,CBy10
47,DMu4
30,FNm10
39,JEp15
40,LuB15
24,LuB20
24,LuB21
26,WR10
24,WR31
34,WR40
26,WR42
24,WR50
24,WR60
30,WR72
26,WR80
26,WR86
30,WR120
26,WR120
30,AGe10
30,AGe20
24,AC5
33,AC6
32,AC20
40,CMt10
24,GHl7
24,GP3
24,GP9
30,GP9
33,GP11
24,GP13
27,GP13
31,GP14
24,KMz55
24,KMz57
26,KMz70
24,KMz75
30,RC9
27,RC9
24,RC10
30,RC12
30,RC13
26,RC16
38,RC16
38,RC18
25,RC19
30,RC20
24,RC21
24,RC22
30,RFG1
30,RFG3
30,RFG5
45,RFG5
30,RFG7
30,RFG9
30,RFG20
30,RFG22
30,RFG25
30,RFG27
30,RFG30
24,RFG35
30,RFG40
26,RFG40
26,RFG41
39,RuJ3
39,RuJ8
25,TWh20
30,TWh25
24,TWh37
27,TWh41
30,TWh45
26,TWh45
27,TWh50
24,TWh60
24,TWh62
24,WiB25
30,WiB100
28,WiB180
30,WiB180
28,WiB183
30,WiB183
28,WiB186
30,WiB186
28,WiB190
30,WiB190
30,WiB199
30,W25
32,W30
24,W38
24,W40
24,W41
33,W50
34,W55
24,W56
24,W60
32,W66
24,W70
24,W73
24,W74
42,W75
24,W76
33,W77
24,W78
30,W82
28,W82
34,W83
24,W83
34,W85
24,W90
32,W98
32,W100
39,WWo10
45,WWo20
27,Z2310
24,EMH10
42,GLp10
24,GLp15
24,GLp17
32,GLp30
24,JR1
24,JR5
24,JR20
30,JR25
24,JR35
26,JR50
24,JR50
41,JR60
24,JR60
24,JR65
24,JR70
39,JR75
24,JR77
24,JR79
30,JR81
24,JR85
24,JR92
27,JR94
26,JR96
59,PlL1
25,PlL2
24,SET1
24,SET8
61,SE1
24,SE4
31,SE6
31,SE8
31,SE10
31,SE15
40,SE20
31,SE28
40,SE25
40,SE26
40,SE27
24,DBu10
26,DBu10
24,WKH1
24,WKH10
24,WKH14
24,WKH20
24,WKH30
24,WKH35
24,WKH40
24,WKH44
24,WKH45
24,WKH50
30,WKH52
24,WKH60
30,AES10
30,AES11
30,AES70
30,AES74
30,AES80
30,AES85
30,AES90
27,AES90
27,AES100
30,AJG50
33,ArF10
30,ChR10
27,ChR13
30,ChR50
30,ChR60
30,ChR80
30,CLa40
30,CLa60
30,CLa65
30,CLa70
30,CLa75
30,CLa80
30,CLa90
30,CLa95
30,CLa100
30,CLa110
30,CLa114
30,CLa115
30,CLa117
30,CLa120
30,CLa121
30,CLa125
30,CLa127
30,CLa135
30,CLa150
24,EAD10
24,EG3
30,EG10
24,EG10
24,EG11
33,EG16
24,EG17
24,EG18
26,EG23
24,EG25
24,EG20
62,EG20
24,EG27
27,EG28
24,ESl10
24,ESl30
30,GLC2
24,GLC3
24,GLC4
24,GLC6
24,GLC7
26,GLC9
44,GLC11
30,GLC12
24,GLC13
30,GLC13
30,IGB10
28,IGB40
30,IGB40
45,IGB45
30,IGB50
28,IrC51
30,IrC51
32,IrC54
32,IrC55
34,IrC56
34,IrC60
26,IrC67
26,IrC73
40,IrC76
24,IrC77
27,IrC79
40,IrC79
27,IrC81
27,IrC86
30,IrC95
26,LGs10
30,LM2
24,LM9
24,LM10
32,LM11
26,LM11
27,LM15
24,LM17
24,LM20
24,LM22
24,LM25
24,LM26
24,LM29
24,LM38.
25,LM100
45,LM110
24,MoB10
30,PSl10
24,S5
24,S6
26,S10
24,S12
24,S14
27,S14
40,S15
27,S17
24,S21
42,S25
25,ThD50
24,WW30
24,WW41
24,WW42
24,WW43
24,WW44
26,WW45
34,WW47
24,WW54
31,WW60
31,WW61
24,WW63
24,WW64
45,WW65
24,WW66
26,WW67
24,WW73
34,WW80
24,WW82
30,WW84
27,WW85
25,WW87
24,ACa40
39,ACa50
24,ACa60
30,ACa60
24,AM15
27,AM16
24,AM18
24,AM21
32,AM23
24,AM27
27,AM31
38,AM36
32,ASR15
28,ASR40
33,ASR65
63,EBS02
63,EBS03
32,EBS30
32,EBS50
32,EBS60
32,EBS90
30,FC1
30,FC3
44,FC15
54,FC17
30,FC21
24,FC22
24,FC23
30,FC24 
26,FC25
27,FC25
50,FC26
26,FC27
32,FC27
28,FC34
38,FC35
26,FC35
24,FC36
30,FC38
27,FC38
30,FC40
36,FC101
24,GMy20
26,Gmy25
45,Gmy35
24,GMy45
33,GuB10
32,HH9
33,HH12
24,HH13
24,HH14
30,HH15
30,HH21
32,HH22
30,HH23
30,HH25
30,HH27
25,HH28
51,HH28
27,HH29
42,HH30
34,HH30
30,HH31
26,HH31
30,HH34
26,HH34
42,HH35
34,HH36
32,HH37
34,HH41
34,HH42
24,LlB21
27,LlB35
27,LlB36
27,LlB50
24,LlB53
25,LlB57
30,LlB57
33,LlB61
34,LlB62
24,LlB64
40,LlB67
24,LlB68
45,LlB68
26,LlB83
40,LlB85
27,LlB85
44,LlB90
27,LlB95
40,LlB95
30,LlB97
27,LlB100
30,LlB100
24,MlW5
27,MlW10
30,MSC10
30,RlW10
24,RlW10
25,RlW10
38,RlW10
28,RVL6
32,RVL10
53,RVL14
25,RVL16
40,RVL17
24,RVL25
39,RVL28
32,RVL32
34,RyT40
25,RyT55
24,VsP10
24,WlD5
26,WlD5
26,WlD6
26,WlD7
26,WlD8
26,WlD15
25,WlD18
25,WlD19
26,WlD20
38,WlD24
54,WlD25
25,WlD29
32,WlD34
40,WlD35
39,WlD36
24,WlD39
26,WlD43
24,WlD45
26,WlD49
38,WlD49
33,WlD51
26,WlD51
25,WlD53
55,WlD54
24,WlD58
24,WlD61
40,WlD65
27,WlD65
27,Z5510
27,Z5512
24,ByH5
38,ByH8
32,ByH10
32,ByH12
36,ByH13
32,ByH15
26,ByH15
36,ByH26
30,CBm10
30,CBm11
30,CBm60
27,DaB3
36,DaB4
26,DaB8
26,DaB9
27,DaB11
27,DaB13
30,DaB17
27,DaB21
30,DaB23
27,DaB28
27,DaB29
27,DaB30
27,DaB31
27,DaB32
27,DaB33
30,DAz5
24,DAz6
26,DAz21
24,DAz23
26,DAz35
27,DAz35
31,DMD25
24,DMD35
32,DMD40
32,DMD50
24,DzV60
30,FTu7
30,FTu10
26,FTu15
30,FTu15
27,FTu19
27,FTu20
30,FTu20
27,Ftu23
25,Ftu25
30,FTu40
24,FTu50
33,FTu50
26,FTu60
30,FTu60
24,HDA6
30,HDA7
24,HoB25
28,HoB50
30,HoB50
28,JTg4
30,JTg4
32,JTg5
28,JTg7
30,JTg7
32,JTg13
24,LoM2
24,LoM6
24,LoM10
33,LoM20
34,LwS90
28,LwS130
30,LwS130
24,LwS166
24,LwS180
27,LwS190
45,MLR4
30,MLR6
24,MLR6
24,MLR7
24,MLR8
24,MLR12
27,MLR14
24,MLR16
24,MLR17
32,MLR18
26,MLR22
24,MLR23
24,MLR27
31,MLR29
33,MLR29
26,MLR30
24,MLR31
42,MLR35
40,MLR39
27,MLR40
26,MLR42
62,MLR43
39,MLR43
25,MLR43
32,MLR50
24,MLR50
27,RFl3
24,RFl5
24,RFl30
24,RFl33
32,RFl75
25,RFl100
25,RFl101
25,RFl102
25,RFl103
25,RFl104
27,REn6
24,REn18
30,REn20
27,REn30
64,REn32
24,REn45
24,REn50
34,REn53
40,REn55
24,REn60
26,RWa10
26,RWa12
26,RWa50
26,RWa65
30,RWa72
28,RWa72
32,RWa90
24,RZL15
27,RZL17
30,RZL19
27,RZL20
40,RZL20
24,RZL22
27,RZL24
27,RZL25
24,RZL26
27,RZL28
24,RZL31
27,RZL37
27,RZL39
30,TeW10
30,TeW15
40,VrS24
24,VrS24
30,VrS25
24,VrS25
24,VrS28
31,WRu10
26,WLa14
26,WLa18
38,WLa19
26,WLa24
27,WLa24
27,WLa27
27,WLa29
30,WLa29
30,WLa38
27,WLa41
27,WLa42
30,WLa43
27,WLa45
30,WLa50
24,YOz7
24,YOz8
24,YOz9
30,YOz10
24,YOz11
24,YOz12
24,YOz15
24,YOz20
24,YOz22
24,YOz75
30,AA13
30,AA29
25,AA37
30,AA38
24,AA41
32,FeF12
30,FeF8
27,FeF8
39,FeF85
24,GRv10
25,GzB1
28,HLa35
30,HLa35
28,HLaD55
30,HLaD55
28,HLa60
30,HLa60
28,HLa65
30,HLa65
28,HLa75
30,HLa75
32,HMR10
30,IvM10
65,LB1
66,LB2
24,LB6
24,LB12
24,LB14
24,LB18
24,LB19
38,LB25
26,LB26
24,LB28
24,LB30
24,LB32
67,LB32
30,LB33
30,LB34
30,LeJ8
51,LeJ8
30,LeJ10
30,LeJ12
32,LeL20
26,LuH8
36,LuH10
32,NT20
32,NT30
27,NT31
27,NT32
30,NT36
27,NT36
24,NT40
27,NT44
30,NT45
30,NT50
24,NT55
24,NT60
31,NT60
27,NT70
40,NT75
31,NT92
26,NT94
27,NT95
26,NT105
30,NT110
30,NT120
30,NT121
27,NT127
27,NT128
32,RTh3
30,RTh4
32,RTh5
32,RTh6
34,RTh8
24,RTh11
30,RTh12
24,RTh12
30,RTh15
27,RTh23
40,RTh27
27,RTh27
40,RTh30
24,RTh35
38,RTh37
38,RTh40
27,RTh42
26,RTh42
32,RTh52
24,RTh53
27,RTh58
24,TG8
68,TG11
30,TG15
30,TG19
25,TG19
30,TG20
26,TG20
26,TG21
26,TG22
30,TG27
30,TG30
27,TG32
38,TG39
30,WaF10
25,WaF15
27,WaF20
32,WaF25
30,WaF40
30,WaF48
24,WD1
38,WD2
38,WD101
37,WD101
38,WD102
38,WD103
37,WD103
37,WD105
38,WD105
24,AD10
42,AD20
42,AD30
33,AD40
24,BVi5
24,BVi12
40,BVi20
24,CJu10
24,DGz10
32,FRJ30
27,GgA9
27,HPo10
24,ICr2
24,ICr4
34,ICr6
24,ICr7
24,ICr10
24,ICr15
24,ICr16
24,ICr19
24,ICr24
30,ICr25
27,ICr25
24,ICr27
26,ICr28
26,ICr30
24,ICr30
38,ICr36
26,ICr36
26,ICr38
25,ICr40
24,IFD25
24,JdL10
24,JdL12
24,JGr5
24,JGr15
24,JGr18
25,JGr23
24,JGr30
30,JS1
27,JS42
24,LiB1
25,LiB2
27,LMC6
30,LMC9
30,LMC12
34,LMC12
24,LMC14
30,LMC15
26,LMC16
27,LMC19
26,LMC23
69,LMC24
27,LuR8
27,LuR10
40,MkD10
40,MkD11
40,MkD12
25,NoL26
32,NoL30
39,NoL36
24,PJ7
24,PJ12
27,RdR10
30,RdR30
25,RdR32
30,RdR37
24,RdR37
24,RdR40
30,RdR44
24,RdR44
32,RdR46
27,RdR48
27,RdR52
27,RdR53
27,RdR54
27,RdR56
27,RdR63
30,RdR66
30,RdR68
27,RdR68
40,RdR70
59,RdR76
25,RdR80
24,RdR90
24,RM1
39,RM3
27,RM4
26,RM6
70,RM--
27,RM10
26,RM13
26,ThF11
27,ThF15
30,ThF17
27,ThF17
26,ThF25
30,ThF25
24,TRu10
31,WeK10
27,WTh3
32,WTh10
32,WTh18
32,WTh19
39,WTh23
24,xGa10
27,Z4910
27,Z4911
27,Z4914
27,Z4915
27,Z4917
27,Z4920
24,BDn2
26,BDn7
28,GC1
30,GC3
24,GC4
24,GC7
24,GC8
24,GC9
30,GC10
30,GC11
24,GC11
24,GC13
30,GC14
24,GC15
26,GC17
24,GC19
24,GC21
24,GC22
30,GC23
24,GC26
30,GC30
24,GC31
26,GC33
26,GC36
27,GC39
24,GC40
27,GC41
40,GC44
71,GC45
26,GC47
30,GC47
27,GC48
38,GC52
24,GC54
30,HAA10
26,HAA10
30,HAA15
26,HAA15
32,HHu1
34,HHu2
28,HMF20
30,HMF20
28,HMF22
30,HMF22
28,HMF25
30,HMF25
44,HMF30
27,HoH10
26,HoH12
31,HPC10
24,IB8
25,IB19
39,IB20
25,IB20
24,IB20
24,IB21
25,IB22
51,IB22
72,IB30
25,IB100
25,IB101
25,IB102
25,IB103
25,IB104
25,IB105
25,IB106
25,IB107
25,IB108
25,IB109
25,IB110
25,IB111
25,IB112
25,IB113
33,IB150
47,JC1
38,JC6
24,JC9
30,JC9
24,JC10
24,JC11
30,JPa7
30,JPa8
30,JPa9
30,JPa10
30,JPa12
30,JPa14
38,JVi10
47,JVi10
40,JVi11
24,JVi21
26,JVi23
39,JW2
39,JW4
30,JW4
36,JW6
39,JW9
27,JW11
27,LSw10
31,MdO10
31,MdO30
31,MdO60
31,MdO62
24,MdO70
24,MdO75
26,MdO81
24,MdO81
26,MdO85
24,MdO85
30,MdO87
24,MdO87
73,MdO100
24,MdO105
31,MdO111
24,MdO111
31,MdO115
24,MdO115
26,MdO121
24,MOp4
24,MOp12
24,MOp14
51,MOp15
24,MOp16
26,MOp19
30,MOp19
24,MOp20
24,MOp21
26,MOp22
27,MOp22
27,MSa6
27,MSa7
27,MSa8
24,MSa9
27,MSa10
27,MSa12
27,NGr10
39,NGr20
24,RMi8
24,RM110
34,SGB10
32,SGB30
34,SGB50
33,SGB60
33,SGB75
32,SGB90
32,SGB110
36,SGB120
33,SGB130
24,SlD10
24,Z1110
24,Z1120
27,CWi10
39,ELC195
32,ELC200
24,ETG10
31,ETG10
39,ETG12
24,GeK5
24,GeK10
24,GeK20
25,JNm25
36,JNm30
25,JNm60
25,JNm61
25,JNm62
25,JNm63
25,JNm64
25,JNm65
25,JNm66
25,JNm67
25,JNm68
25,JNm69
30,JuW10
24,JWR7
74,JWR8
24,JWR9
32,JWR9
45,JWR13
38,LHe2
24,LHe4
38,LHe4
28,LHe10
28,LHe30
40,MAl5
24,MAl13
30,MBa27
30,NML1
30,NML2
38,NML4
30,NML5
30,NML7
38,NML7
30,NML20
27,NML21
44,NML22
30,NML23
30,NML24
27,NML24
30,NML31
24,OrL10
24,OsM10
26,StW7
24,StW9
39,StW10
25,WCM2
24,WCM6
25,WCM22
36,WCM32
24,xFl10
24,YAl10
24,EDF10
26,AL10
30,AL11
24,AL12
24,AL13
25,AL21
24,AL22
40,AL26
24,AL27
24,AlH8
26,AlH24
30,AlH30
26,AlH30
31,ARs10
24,CMF1
39,EaK8
24,EaK10
39,EaK30
30,EaK50
30,EaK51
30,EaK60
30,EBz30
30,EBz35
45,EBz46
27,EBz60
24,ElN2
27,ElN5
30,ElN7
25,ElN8
30,ElN10
30,ElN11
28,ElN15
27,ElN20
28,ELM2
75,ELM8
38,ELM15
32,ELM17
30,ELM19
30,ELM21
27,ELM22
34,ELM24
28,ELM26
30,ELM29
41,ELM35
34,ELM35
24,ELu19
76,ELu20
32,ELu30
32,ELu49
28,HBH10
30,HBH10
28,HBH15
30,HBH15
28,HBH20
30,HBH20
28,HBH25
30,HBH25
25,HBH31
27,HBH35
44,HBH45
30,HBH60
32,HBH68
32,HBH70
32,HBH72
24,HBH75
28,HBH90
25,HeE3
24,HeE10
34,HHa3
26,Hha5
24,HHa10
30,HHa10
32,HHa12
38,HHa13
26,HHa15
34,HHa16
40,HHa20
77,HHa21
24,HHa27
24,HHa28
25,HHa31
40,HHa32
32,HHa38
40,HHa39
59,HHa43
38,HHa47
32,HHa50
33,HHa53
34,HHa54
24,HHa56
32,HHa60
34,HHa65
34,HHa72
25,IrP1
42,IrP3
32,IrP15
26,IrP18
26,IrP19
26,IrP21
31,IrP24
25,IrP27
39,KFr1
39,KFr10
33,KuN4
39,KuN5
33,KuN12
32,KuN30
32,KuN33
32,KuN36
32,KuN40
32,KuN42
30,KuN42
24,KuN45
24,KuN46
34,KuN49
39,KuN14
24,LeR5
31,LeR10
24,LeR25
24,MGe5
24,MGe10
24,MGe12
78,MGe50
28,OP8
25,OP8
51,OP8
41,OP10
26,OP10
24,OP13
24,OP14
24,OP13
26,OP15
25,OP17
51,OP18
24,OP20
32,OP23
27,OP24
24,OP26
79,OP28
24,OP30
41,OP31
24,OP31
24,OP32
24,OP40
24,OP44
25,OP50
26,PCz10
24,PCz15
26,PCz20
30,PCz25
26,PCz30
24,PCz30
27,PCz50
27,PCz60
27,PCz65
30,PPr20
40,RoS3
32,RoS6
24,RoS11
24,RoS13
24,RoS15
25,RoS50
25,RoS51
25,RoS52
25,RoS53
25,RoS54
25,RoS55
24,RoS60
38,RoS65
38,RoS68
25,RoS70
38,RoS70
30,RoS80
30,RoS85
32,RoS87
38,RoS90
38,RoS94
30,RoS95
38,RoS98
38,RoS100
36,RoS110
38,RoS112
38,RoS120
26,SLa2
27,SLa3
27,SLa10
30,SLa10
30,SLa22
30,SLa30
24,SLa30
26,StR5
30,StR10
39,VHa10
30,VrM40
30,VrM42
24,WmK14
27,WmK15
27,WmK16
26,WmK18
24,WmK25
64,WmK27
26,WmK28
30,WmK30
24,WmK31
24,xTo10
32,ZK4
32,Zk5
80,ZK7
24,ZK9
24,Z3210
24,BW1
26,BW2
24,BW3
24,BW4
24,BW5
24,BW7
30,BW7
24,BW8
24,BW9
30,BW10
26,BW11
26,BW12
30,BW12
40,BW13
26,BW14
24,BW15
30,BW16
30,BW17
26,BW17
30,BW18
30,BW19
26,BW19
30,BW21
27,BW21
25,BW25
24,BW28
30,BW30
24,CAL15
26,CAL20
25,CAL25
26,CAL35
24,CAL36
30,CAL46
45,CAL46
24,CAL50
33,DeD18
31,DeD30
25,DeD42
34,DeD50
34,DeD60
26,DeD60
34,DeD61
34,DeD62
34,DeD65
34,DeD67
34,DeD70
34,DeD77
34,DeD80
34,DeD83
28,EuF1
30,EuF1
28,EuF10
30,EuF10
28,EuF30
30,EuF30
28,EuF40
30,EuF40
28,EuF50
30,EuF50
28,EuF51
28,EuF53
28,EuF55
28,EuF57
28,EuF59
39,FSt10
30,FSt20
30,FSt22
30,FSt24
30,FSt26
30,FSt28
30,FSt30
30,FSt32
30,FSt34
30,FSt36
30,FSt38
30,FSt40
30,FSt42
30,FSt44
30,FSt46
30,FSt48
30,FSt50
30,FSt52
30,FSt54
30,FSt56
30,FSt58
30,FSt60
30,FSt62
30,FSt64
30,FSt66
30,FSt68
30,FSt70
30,FSt72
30,FSt74
30,GSt1
30,GSt2
30,GSt3
34,GSt3
30,GSt3
27,GSt4
27,GSt5
30,GSt7
26,GSt7
32,GSt8
26,GSt9
24,GSt12
26,GSt13
24,GSt15
34,GSt17
42,GSt18
34,GSt18
31,GSt19
42,GSt20
24,GSt30
30,HRo2
27,HRo2
32,HRo5
30,LlF10
42,MCC12
26,ML6
30,ML6
27,ML9
50,ML10
27,ML12
26,ML13
24,ML18
26,ML21
30,ML21
24,ML30
31,RdB10
24,RdB10
30,RMk10
40,xCm10
32,xCm20
30,ABW40
39,ArL22
24,ArL26
30,ArL28
30,ArL29
39,ArL36
25,ArL39
32,ArL48
32,ArL49
32,ArL50
32,ArL56
32,ArL58
32,ArL60
32,ArL61
24,ChE1
30,ChE2
25,CR10
26,CR12
32,CR14
31,CR15
24,CR16
25,CR17
25,CR18
81,CR20
24,DBr5
25,DBr10
25,DSk32
30,DSk48
26,DSk49
24,DSk54
24,DSk62
24,DSk66
32,DSk67
24,DSk67
24,DSk69
51,EGU1
39,EGU1
39,EGU17
45,EGU18
51,EGU20
51,EGU30
39,EGU40
51,EGU70
27,GAv10
27,GMe10
26,GvM7
26,GvM10
26,GvM12
26,GvM13
26,GvM14
24,HY1
24,HY10
30,HY17
39,HY20
26,HY20
39,LeG23
24,JN2
25,JN3
24,JN7
24,JN9
41,JN12
24,JN13
24,JN15
39,JN16
26,JN21
27,JN23
24,JN25
26,JN31
30,LoS2
24,LoS3
24,LoS10
24,MhR1
40,MhR5
54,MhR10
24,MhR20
30,MPa3
26,MPa3
30,MPa4
24,MPa7
24,PaM10
25,RWB10
24,RWB20
24,RWB32
24,RWB33
40,RWB42
24,RWB45
36,RWB58
39,RWB67
39,RWB73
39,RWB77
25,RWB82
32,ThA10
27,BBe1
27,BBe14
27,BBe17
27,BBe19
27,BBe20
27,BBe21
30,BBe23
27,BBe23
24,BeH2
25,CMA1
32,EdK10
32,EdK15
24,EDm18
39,EDm20
51,EDm22
51,EDm24
24,EDm25
51,EDm26
24,EDm34
34,EDm35
32,EDm37
24,EDm38
24,EDm39
24,EDm40
24,EDm43
34,EDm44
24,EDm46
30,EDm58
39,EDm58
24,GNj1
26,GuE10
30,GuE10
30,GWh10
27,GWh10
36,HRv10
31,HJB50
34,IEn1
34,IEn10
34,IEn20
34,IEn90
34,IEn180
32,IEn220
34,IEn280
39,IEn290
34,IEn300
34,IEn310
34,JKa20
34,JKa47
82,JPt10
28,LoK3
28,LoK9
30,LoK9
32,LoK20
24,LoK30
24,LoK50
83,TWa10
24,xEn10
24,xMe10
24,BDH10
24,BDH30
26,EMv10
33,EMv10
36,FkS10
32,FMD3
30,FMD10
34,FMD20
30,GDo2
30,GDo4
27,GDo18
32,GDo23
34,GDo32
36,GDo37
40,GDo39
24,GDo49
33,GDo49
34,GDo50
40,GDo71
34,GDo74
32,GDo76
45,GDo78
33,GDo79
45,GDo81
24,GDo83
33,GDo92
25,HaF35
26,HCP1
26,HCP4
32,HCP5
40,HCP6
27,HCP6
30,HCP10
31,HCP11
37,HCP11
30,HCP12
30,HCP24
24,HCP25
24,HCP26
26,HCP28
30,HeM20
25,HeM20
30,HeM30
26,HKo6
26,HKo9
26,HKo10
84,HKo17
26,HKo18
30,HKo21
27,HKo22
27,HKo23
30,HKo25
30,HKo24
24,HKo26
55,HKo26
42,HKo29
40,HKo30
30,HKo36
40,HKo39
27,HKo41
30,HKo43
39,LaH10
39,LeS80
34,LeS90
30,LeS100
34,LeS110
24,MC2
24,MC3
24,MC5
38,MC6
26,MC7
42,MC7
24,MC8
26,MC9
30,MC9
51,MC11
75,NF1
28,NF3
28,NF4
28,NF6
28,NF7
28,NF9
30,NF9
28,NF10
28,NF12
28,NF13
30,NF13
28,NF14
30,NF14
24,NF16
32,NF21
32,NF25
24,NF27
34,NF29
28,NF30
24,VtH10
24,VtH23
75,WCl14
75,WCl15
75,WCl16
75,WCl17
75,WCl18
28,WCl19
75,WCl28
75,WCl29
75,WCl30
75,WCl31
30,WlH10
30,xWi1
30,AKi1
30,AKi7
30,AKi25
30,AKi30
30,AKi40
31,AMx5
32,GrR1
26,GrR3
32,GrR4
26,GrR5
30,GrR5
27,GrR6
26,GrR7
27,GrR7
30,GrR10
26,GrR12
40,GrR15
27,GrR15
30,IBt20
30,IBt24
30,IBt38
24,IFa8
26,IFa8
33,IFa17
40,IFa18
33,IFa24
25,IFa25
24,IFa28
24,IFa32
34,IFa34
24,IFa45
24,IFa50
24,JPH1
30,JPH10
38,DvH10
28,GeS15
36,GeS17
24,GeS27
24,GeS29
26,HDc6
45,HDc50
24,JMu3
28,MP2
38,MP4
33,MP6
25,MP6
24,MP8
26,MP11
27,MP15
26,MP17
27,MP19
27,MP25
39,MP35
25,MP35
25,NNo1
24,NNo3
33,NNo4
33,NNo7
33,NNo8
26,NNo11
66,NNo13
24,NNo16
24,RfH10
30,SSS45
27,SSS45
30,SSS58
34,WWn10
34,WWn12
34,WWn30
32,WWn35
32,WWn40
32,WWn80
34,WWn100
34,WWn101
33,WWn170
24,WWn200
45,WWn205
24,WWn220
31,WWn300
24,ChJ12
54,ChJ25
32,ChJ30
24,ChJ36
41,ChJ74
30,EP1
36,FoB30
36,FoB50
32,FoB70
30,GaK4
24,GaK6
24,GaK20
39,GWg16
39,GWg23
30,HIL5
30,HIL25
24,JoL2
26,JoL3
26,JoL4
27,JoL9
27,JoL10
30,LeG5
30,LeG10
30,LeG12
30,LeG14
30,LeG16
30,LeG18
30,LeG20
30,LeG22
30,LeG24
30,LeG33
30,LeG36
39,LeG36
30,LeG40
33,LeG40
26,RBS15
28,WlN10
28,WlN12
32,xLe10
24,xMa10
24,xUc10
27,AnS1
40,AnS1
27,AnS3
40,AnS3
27,AnS33
30,BaS10
27,BaS10
30,ChV2
26,ChV8
30,ChV13
40,ChV15
25,ChV20
24,ChV26
40,ChV35
40,ChV45
26,ChV46
37,DFl10
37,DFl11
40,HeK10
36,HBu30
24,IPC25
30,JqT1
24,JqT1
39,JqT2
39,JqT3
25,JqT4
51,JqT7
25,JqT8
39,JqT14
25,JVK30
30,PGy10
25,PGy16
34,PGy16
24,RRw15
24,RRw20
30,RRw25
30,RRw32
38,RRw32
30,RRw33
27,RRw35
24,RRw37
30,TMo10
30,TMo11
27,ThR10
24,WMG10
33,WMG10
24,Z3910
39,ADT9
34,ADT12
39,ADT18
32,ADT23
24,BHl10
39,CCb10
37,CJo20
30,CJo20
37,CJo30
30,CJo30
37,CJo40
44,CJo40
37,CJo50
44,CJo50
34,FAl10
30,GPa2.
24,IgR2
24,IgR5
26,IgR5
27,IgR14
26,IgR15
30,IgR15
34,IgR19
24,IHw10
25,JHL6
33,JHL12
25,JHL17
24,JnD6
24,JnD10
26,JnD11
24,JnD28
41,JnD31
39,JnD33
45,JnD36
30,LSh1
26,NSm10
24,OW1
24,OW2
31,OW3
40,OW3
24,OW4
40,OW5
24,OW6
24,OW7
24,OW8
25,OW9
51,OW9
24,OW10
24,OW11
26,PLi10
30,PS2
38,PS3
30,PS4
30,PS5
30,PS7
30,PS8
30,PS13
30,PS21
34,PS21
30,PS22
66,TBs2
66,TBs4
66,TBs6
66,TBs8
66,TBs10
66,TBs12
66,TBs14
66,TBs16
66,TBs28
66,TBs40
66,TBs46
66,TBs48
40,TBs50
66,TBs50
66,TBs52
26,xCa10
25,BaD13
30,BaD22
30,BaD26
25,BaD29
25,BaD35
25,BaD39
34,BBo27
37,BSh10
31,ChC2
26,ChC3
31,ChC3
30,ChC4
24,ChC5
25,ChC7
24,ChC12
26,ChC12
30,ChC11
24,ChC15
30,ChC30
24,DBy1
24,DBy2
51,DBy4
39,DBy10
32,DMi10
27,DMi15
30,DMi15
27,DMi25
24,DMi27
30,DMi28
25,DMi30
24,DMi32
34,DMi35
40,DMi45
27,GSy4
32,GSy7
27,GSy9
27,GSy10
27,GSy13
27,GSy17
27,GSy30
27,GSy40
24,IrR6
24,IrR10
40,IrR12
27,IrR12
24,IrR16
24,IrR27
24,IrR30
38,IrR32
24,IrR50
25,IH1
51,IH1
26,IH2
25,IH3
31,IH4
34,IH11
24,IH12
25,IH14
24,IH15
40,IH17
30,IH18
25,IH18
51,IH18
24,IH19
32,IH20
26,IH20
34,IH22
34,IH23
25,IH26
24,IH27
24,IH28
32,IH29
24,IH30
26,IH30
26,IH31
24,IH35
30,IH38
24,IH38
33,IH42
30,IH47
51,IH47
24,IH50
44,KuH10
44,KuH20
44,KuH25
44,KuH29
24,LaC20
24,LaC25
25,LaC35
41,LHo2
40,LHo2
31,PaJ2
24,PaJ2
31,PaJ2
24,PaJ2
24,PaJ5
31,PaJ5
25,PaJ10
31,PaJ12
24,PaJ12
39,PaJ60
30,PaJ60
24,ReC4
24,ReC5
25,RMp13
39,StH3
25,StH5
27,StH13
24,StH15
34,StH18
32,StH20
24,StH23
40,StH30
24,TTz2
32,TTz4
25,TTz6
51,TTz6
28,TTz8
25,TTz9
32,TTz10
24,TTz11
66,TTz20
24,VdS2
24,VdS4
24,VdS5
24,VdS7
24,VdS8
24,VdS13
24,VdS15
30,VdS21
24,VdS24
30,WlM10
32,Z4101
32,Z4102
32,Z4103
40,Z4104
38,ALe4
26,ALe7
34,AnM16
24,AnM17
34,AnM20
34,AnM22
34,AnM24
40,AnM25
27,AnM25
33,AnM27
34,AnM28
27,AnM30
26,AnM30
34,AnM34
34,AnM35
42,AnM37
32,AnM37
42,AnM40
24,ASj15
24,ChF10
30,DL3
26,DL4
24,DL5
26,DL7
32,DL9
31,DL9
26,DL11
32,DL12
32,DL13
42,DL13
24,DL15
24,FZ3
24,FZ8
31,FZ8
24,FZ8
31,FZ8
34,FZ10
24,FZ11
27,FZ13
32,FZ14
24,FZ15
25,FZ19
24,FZ20
31,FZ20ZZ
26,GLa2
25,HGC2
45,HGC3
25,HGC5
25,HGC6
24,HGC14
51,HGC16
25,HGC16
51,HGC17
31,HGC19
32,IRa4
25,IRa5
33,IRa10
33,IRa12
33,IRa14
33,JD7
85,JD8
25,JD10
25,JD12
32,JD12
27,JD12
24,JD14
26,JD15
24,JD16
45,JD17
30,JD17
24,JD25
30,JeY10
30,JeY30
30,JqB5
51,JqB5
26,JqB15
30,JqB15
24,JqB18
26,JqB18
30,JqB20
26,JqB22
25,JqB25
40,JqB28
45,JqB38
30,LAr4
24,LuV1
42,LuV2
30,LuV3
24,LuV20
42,LuV30
24,LuV40
24,LuV50
24,LuV60
40,LuV68
26,LuV80
30,LuV80
45,MiG3
45,MiG5
45,MiG7
45,MiG9
45,MiG11
45,MiG13
45,MiG15
45,MiG17
45,MiG19
45,MiG23
45,MiG29
26,MiG30
26,MiG35
30,MiG45
30,MiG50
32,VSh7
24,VSh9
24,VSh10
24,VSh15
42,VSh23
24,VSh25
24,VSh27
39,WFx10
86,xSe10
24,AkK1
45,AkK9
42,AkK11
24,AkK12
24,AkK13
32,AkK14
25,AkK20
30,AkK20
30,AkK21
25,AkK22
24,AkK23
24,AkK25
24,AkK26
42,AkK27
41,AkK27
42,AkK28
30,AkK29
24,AkK30
27,ChW2
27,ChW3
87,ChW4
27,ChW6
26,ChW6
30,ChW7
88,ChW8
87,ChW12
26,ChW16
27,ChW18
88,ChW22
30,ChW25
30,FLd5
30,FLd7
30,FLd10
30,FLd15
26,FLd18
30,FLd20
30,FLd25
30,FLd27
30,FLd30
30,FLd35
30,FLd37
26,FWx10
24,FWx20
36,FWx30
40,HeL23
38,HeL30
27,HeL33
38,HSc5
38,HSc7
32,HSc15
24,HSh5
24,HSh10
31,HuJ5
31,HuJ10
51,MDr10
25,MRs1
25,MRs2
39,MRs13
33,MRs25
24,MRs21
40,MRs32
26,MRs32
25,MRs36
25,MRs40
30,MRs41
55,MRb43
24,PBi10
32,PHy6
36,PHy12
30,PHy15
24,PHy15
25,PHy20
25,PHy25
89,PHy29
33,PHy31
33,PHy35
39,PHy39
33,PHy39
24,RCl4
26,RCl5
51,RCl5
24,RCl10
42,RCl13
24,RtB3
24,RtB4
24,RtB5
24,RtB6
40,RtB7
31,RtB7
40,RtB8
24,RtB8
24,RtB9
24,RtB11
38,RtB12
24,RtB14
24,SGi3
25,SGi4
25,SGi6
25,SGi8
25,SGi30
36,VGu19
36,VGu23
30,VGu25
28,VGu34
24,VGu36
36,VGu40
27,VM1
27,VM3
27,VM4
26,VM5
27,VM7
24,VM8
30,VM9
27,VM10
24,VM11
27,VM13
40,VM19
24,VM21
27,VM22
30,VM28
27,VM32
66,VM33
39,WiC30
39,WiC50
39,WiC51
39,WiC55
39,WiC60
39,WiC70
36,WiC90
37,WiC90
26,AMs25
25,AMs50
45,ClO10
24,ClO10
24,DSy1
24,EAB8
30,JeD10
39,LAl2
25,LAl4
24,LOl1
24,LOl2
24,LOl3
26,LOl4
66,MAu10
30,PhK4
30,PhK7
27,PhK11
24,Phk40
33,PhK46
33,PhK50
24,RBt6
30,RBt17
39,RLB9
30,RLB10
39,RLB12
39,RLB22
30,RWh8
40,RWh10
27,RWh10
25,RWh15
30,RWh20
25,RWh50
24,RWi1
38,RWi2
39,RWi3
25,RWi4
34,RWi7
24,RWi9
36,RWi13
40,RWi24
33,RWi25
27,RWi28
39,RWi29
27,RWi31
40,RWi33
27,RWi33
36,RWi34
32,RWi36
36,RWi38
39,SNe3
39,SNe8
36,SNe10
41,xPe10
41,xPe20
28,ChD10
26,CoB3
44,CoB15
24,DS5
24,DS6
32,DS8
51,DS8
39,DS13
36,DS13
33,DS23
34,DS28
33,DS32
25,DS33
28,DS36
30,DS38
30,DS40
34,DS49
24,EK1
24,EK2
90,EK3
24,EK4
33,EK5
24,EK6
40,EK7
24,EK9
26,EK10
24,EK11
24,EK12
26,EK14
24,EK15
40,EK15
40,EK18
26,FdC16
26,FdC23
30,GS3
30,GS6
24,GS7
31,GS7
26,GS14
24,InB1
24,InB2
24,InB3
24,InB4
24,InB5
24,InB6
24,InB7
24,InB8
26,InB9
24,InB9
24,InB11
24,InB12
24,InB13
24,InB14
24,InB18
38,InB20
24,InB21
24,InB22
24,InB25
24,InB27
26,InB27
24,InB28
24,InB29
24,InB31
24,InB32
24,InB33
91,InB34
24,InB35
24,InB37
24,InB41
27,IBe4
26,IBe10
44,IBe16
25,MNo10
26,PiG40
24,PiG40
30,PiG50
24,RHa3
30,RHa4
51,RHa4
30,RHa5
30,RHa8
26,RHa9
24,RHa10
24,RRo1
31,RRo5
92,RRo8
40,RRo9
26,RRo12
26,RRo16
24,RRo18
24,RRo20
33,WlB10
32,WlB12
24,WlB14
32,WlB17
93,WlB20
26,WRh10
24,DuN2
26,GLm10
45,HaC10
36,IMo10
30,ISt10
24,ISt11
34,ISt20
34,ISt24
40,ISt24
24,ISt26
33,ISt29
24,ISt30
30,ISt31
32,ISt33
34,ISt38
34,ISt40
26,JLM2
26,JLM3
24,JLM5
26,JLM6
24,JLM6
24,JLM8
24,JLM9
24,JLM10
45,JLM11
24,JLM12
26,JLM13
27,JLM14
24,JLM16
24,JLM17
25,JLM20
32,KeA10
30,KeA19
32,KeA23
25,KeA25
32,KeA31
33,KeA32
32,KeA34
32,KeA36
32,KeA38
32,KeA43
25,MxS12
44,PUs4
24,PUs5
26,PUs6
24,RcF10
32,RcF12
41,RcF20
26,RcF34
30,RiF4
25,RiF10
36,RiF13
40,RiF15
41,RiF18
24,RiF18
40,RiF20
24,RiF21
42,RiF22
36,RiF24
27,RiF25
32,RiF25
41,RiF28
31,RiF28
33,RiF30
36,RiF33
33,RiF35
24,RiF36
26,RiF39
33,RiF48
33,RiF52
33,RiF53
24,RiF53
50,RMo3
30,WGo10
81,WS4
81,WS5
81,WS6
81,WS7
81,WS8
81,WS41
81,WS42
81,WS43
81,WS45
24,AlT10
26,BrW5
32,BrW13
38,BrW16
25,BrW100
25,BrW101
39,BVo10
26,DHa2
26,DHa5
27,DHa7
30,FFH1o
30,GSK1
59,JaH16
32,JaH22
33,LGt19
26,LGt23
66,LGt23
32,LGt25
32,LGt31
32,LGt32
24,LGt33
30,LGt40
27,LGt45
30,LGt45
24,NR1
24,NR2
24,NR1
24,NR4
25,NR5
51,NR7
34,NR8
34,NR10
24,NR11
51,NR14
40,NR19
24,NR20
30,RoN3
40,RoN5
24,RoN9
26,RoN16
24,RoN17
33,RoN18
36,RoN28
32,RoN30
30,RoN32
24,RoR1
40,RoR2
42,RoR5
40,RoR5
26,RoR6
24,RoR8
24,RoR10
24,GdS2
24,JPM5
25,JPM10
39,TFi8
39,TFi9
25,TFi10
39,TFi12
39,TFi15
39,TFi20
39,TFi24
39,TFi25
39,TFi30
39,TFi33
39,TFi35
39,TFi40
25,APo10
39,APo40
34,APo43
24,BeK10
30,CTB10
30,CTB15
30,CTB16
32,CTB25
24,GoP12
30,HCs1
30,HCs3
40,HCs4
24,IGg10
45,IGg10
24,JLo4
25,JLo4
25,JLo11
45,JLo17
26,JLo25
27,JLo27
24,JLo30
30,JPL10
26,JqA10
30,LCs10
32,LRF15
24,LRF20
30,RaT1
30,RaT9
33,RaT9
30,RaT16
30,RaT30
30,RaT42
30,RaT46
25,RdM8
51,RdM10
28,RdM10
24,RdM18
26,RdM20
42,RdM30
33,SIC10
24,TYg8
66,TYg12
32,TYg17
32,TYg18
32,TYg20
30,TYg21
24,TYg25
25,TYg40
27,WAr40
24,WAr42
27,WAr44
27,WAr46
30,WAr50
27,WAr54
30,xAb1
24,xFa10
26,xHu10
51,ACy10
24,ACy14
26,ACy16
24,ACy20
32,ACy20
26,ACy22
26,ACy26
26,ACy29
26,ACy32
26,ACy34
24,ACy38
26,AlL2
26,AlL3
30,CLB10
30,CLB20
27,CLB20
36,FBr50
36,FBr60
24,FlM1
24,FlM3
25,FlM3
39,GFr35
27,GKe1
27,GKe2
24,GKe6
30,GKe7
27,GKe8
34,GKe9
24,HKl17
25,HKl23
26,HKl30
26,HKl40
32,IGu15
32,IGu18
32,IGu21
94,IGu26
55,IGu28
32,IGu29
25,IGu31
39,IvB10
30,JT1
30,JT2
30,JT3
30,JT4
30,JT5
32,LLa5
32,LLa10
32,LSm10
32,LSm13
32,LSm17
45,MCg10
25,SaF13
25,SaF19
24,SaF20
30,SM1
30,SM3
31,SM4
45,SM6
30,SM6
24,SM7
27,StD4
27,StD7
40,StD24
27,StD24
30,StD27
27,StD33
27,StD35
26,StD41
30,StD41
24,StD42
30,StD45
26,StD45
30,StD51
25,StD51
30,StD61
26,StD62
30,StD72
38,WlJ12
38,WlJ14
24,FF1
24,FF2
24,FF3
24,FF4
24,FF5
24,FF6
24,FF7
24,FF9
24,FF10
38,FF12
24,FF13
38,FF14
31,FF14
24,FF15
30,FF15
30,FF18
40,FF18
24,FF23
24,FF30
24,FF40
24,FF50
40,FF50
59,GoG10
24,HFr20
59,HFr30
34,HFr50
39,HLF10
40,HLF10
24,HyC10
24,HyC10
26,HyC10
24,IdL1
24,IdL2
24,IdL3
26,IdL3
25,IdL10
25,IdL11
38,JDh5
24,JLT12
24,JLT15
25,JLT19
24,JLT21
24,JLT24
38,JLT27
32,JLT29
25,JLT32
40,JLT34
30,JLT35
24,JLT39
32,JLT50
32,JLT50
45,JoP2
26,JoP20
40,JoP25
26,JoP28
25,JoP40
25,JoP41
25,JoP42
25,JoP43
25,JoP44
32,JoP50
24,MA2
24,MA3
24,MA4
26,MA5
25,MA6
24,MA8
40,MFr2
30,MFr5
30,MFr16
24,MFr33
30,MFr33
42,MiA6
36,MiA7
32,MiA8
25,MiA11
24,MiA18
24,MiA21
39,MiA25
25,RcB1
24,RcB3
24,RcB5
24,RcB8
24,RcB12
24,RcB13
24,RcB14
24,RcB15
34,RcB17
24,RcB18
26,RcB30
33,RcB40
81,RPo10
39,RSB5
24,ShI50
24,ShI52
26,xdH10
25,Z5020
24,Z5020
31,AR2
24,AR4
47,AR5
51,AR6
51,AR8
51,AR10
25,CrR10
39,CSi6
39,CSi10
32,CyE10
36,CyE30
24,CyE40
30,DoW10
30,DoW15
25,DoW50
25,DoW51
25,DoW80
25,DoW81
25,DoW82
50,DoW95
36,DoW97
30,DoW120
39,DoW120
30,DoW130
34,EBe5
30,EBe5
30,EBe7
33,EBe10
30,EBe30
30,EBe32
24,GHo10
24,HgH10
24,HKr30
95,LBu1
26,MZa5
30,MZa10
30,MZa15
26,MZa20
26,MZa23
26,MZa25
26,MZa30
26,MZa35
25,PaH50
25,PaH51
25,PaH52
25,PaH53
25,PaH54
25,PaH55
45,PaH60
45,PaH61
25,PaH106
25,PaH107
25,PaH108
25,PaH109
25,PaH110
25,PaH111
25,PaH112
25,PaH113
25,PaH114
25,PaH115
25,PaH116
25,PaH117
25,PaH118
25,PaH119
25,PaH120
25,PaH121
25,PaH122
25,PaH123
25,PaH124
25,PaH125
25,PaH126
25,PaH127
25,PaH128
24,PaH215
24,PLo10
24,RCv10
25,RPa10
24,RPa15
27,RiQ6
30,RiQ15
30,RiQ23
31,RiQ29
30,RiQ30
30,RiQ35
27,RrS5
30,RrS10
31,RSn10
31,RSn100
27,BF6
40,BF6
40,BF7
27,BF8
24,BF9
40,BF9
36,CMk40
31,CMk40
36,CMk50
40,CMk50
36,CNy1
41,CNy15
40,DaM3
24,DaM3
26,DaM4
24,DaM4
24,DaM6
96,DaM7
30,DaM15
45,DaM15
24,DaM30
30,DaM35
41,EMr10
26,EMr10
41,EMr13
26,EMr13
41,EMr15
26,EMr15
37,FrQ10
30,FrT5
30,FrT7
30,FrT10
30,FrT13
27,FrT13
30,FrT16
30,FrT20
27,FrT22
30,FrT23
30,FrT25
30,FrT30
30,FrT32
24,GH3
30,GH8
32,GH12
32,GH15
32,GH16
32,GH17
32,GH25
28,GH30
24,HaB1
40,HaB3
24,HaB5
24,HaB7
25,HaB9
24,HaB15
24,HaB20
24,HaB24
24,HaB27
24,HaB28
24,HaB35
25,HHo3
25,HHo5
33,HHo10
24,JHo20
24,JHo24
25,JHo40
38,KHu18
30,KHu18
41,KHu19
26,KHu21
66,KHu21
24,KHu22
97,LeK10
24,LGB10
31,LGB10
26,MuB5
38,NJu9
33,NJu10
38,NJu12
30,PeB1
27,PeB1
27,PeB2
24,PeB3
24,PeB4
24,PeB6
42,PeB10
25,PhL100
24,WHW10
25,WTy10
24,xSc10
24,ADx2
24,ADx3
24,ADx4
24,ADx5
24,ADx10
24,ADx11
24,ADx12
24,ADx13
24,ADx14
40,ADx20
31,ADx25
24,ADx30
26,ADx37
27,ADx39
24,ADx45
24,ALv10
25,ALv100
25,ALv101
98,ASu10
38,AtH10
30,CFr10
24,CFr10
25,DkP3
25,DkP4
26,DKu1
24,DKu5
26,DKu10
24,EDW10
24,EDW13
39,EDW14
36,EDW22
39,EDW26
39,EDW30
36,EuL10
36,EuL20
36,EuL30
24,FFe10
33,HEs10
32,HoC10
36,JA5
36,JA13
39,JA15
36,JA20
32,JA30
30,JA35
32,JHi7
24,JIv6
27,JIv8
24,JIv10
38,JIv11
24,JIv15
24,JIv21
24,JIv28
24,JIv30
24,JIv33
26,JIv35
24,JIv37
24,JIv40
24,JIv42
24,JIv42
40,JIv45
40,JIv47
24,JIv51
24,KaS20
32,LgC20
24,LgC30
27,LgC30
24,LiA10
24,LiA20
24,LiA30
24,MCy2
24,MCy3
24,MCy5
33,MCy8
24,MCy10
24,MCy11
37,NLr10
25,NuJ1
30,NuJ3
24,NuJ4
24,NuJ6
26,NuJ7
32,RDW2
28,RDW7
27,RDW10
34,RoA4
24,RoA4
45,RoA5
24,RoA7
33,RoA11
41,RoA22
24,RoA25
39,RoA25
32,RoA26
33,RoA28
24,RoA32
33,RoA41
34,RoA45
24,RoA48
24,RoA57
30,RoA64
34,RoA68
30,RoA68
30,RoA70
26,SSn1
40,SSn2
25,StK2
25,StK3
24,StK4
42,StK5
24,StK6
51,StK7
36,StK8
36,StK9
32,StK10
39,StK15
33,StK20
26,StK21
39,VeS30
36,WoR20
24,WoR25
24,AMa10
24,AMa50
36,AMa56
30,AMa60
36,AMa61
24,AWj5
24,AWj7
24,AWj10
26,AWj13
24,AWj15
24,AWj16
24,AWj22
26,AWj23
24,AWj29
24,AWj31
26,AWj33
24,AWj37
31,AWj38
26,AWj43
24,GGr18
24,GSc1
24,GSc2
40,GSc3
38,GSc4
40,GSc5
24,GSc6
24,GSc8
40,GSc10
66,GSc14
24,GSc17
40,GSc18
24,GSc19
36,HLS10
33,HoK5
39,HoK10
30,HoK12
33,IIl10
31,JAl10
37,JAl10
37,JAl20
32,JJu10
45,JWe1
24,JWe3
45,JWe6
45,JWe12
24,KoI10
40,LaB10
25,LaB30
25,LaB31
24,LNm10
41,LNm14
24,LNm14
24,NKo15
24,NKo25
41,NKo25
24,PeG4
26,PeG6
33,PtF5
33,PtF10
24,SR1
24,SR15
24,SR20
24,SR25
24,SR30
24,SR35
24,SR36
24,SR37
24,SR39
24,SR40
24,SR45
24,SR50
24,SR55
24,SR60
24,SR65
24,SR80
24,TKg10
26,TKg10
36,ToT10
36,xTu10
26,YvR3
25,YvR6
26,YvR10
99,AS18
30,ABl10
100,BE1
100,BE2
100,BE3
26,BE4
30,BE4
100,BE5
30,BE6
30,BE7
30,BE8
25,BE9
30,BE10
24,BE10
30,BE11
30,BE12
32,BE13
30,BE13
100,BE14
100,BE15
30,BE16
100,BE17
100,BE18
100,BE19
30,BE21
30,BE22
30,BE23
66,BE24
30,BE25
27,BE26
30,BE27
30,BE28
30,BE29
100,BE30
100,BE31
100,BE32
100,BE33
100,BE34
100,BE35
30,BE36
100,BE37
30,BE38
30,BE39
39,BVS10
24,CL1
39,CL1
24,ClS22
26,ClS25
26,ClS28
26,ClS40
26,ClS45
24,CoW3
24,CoW5
32,CSG10
24,DeM1
24,DeM4
30,DeM8
26,DeM10
24,DeM17
25,DM100
25,DM101
32,DM200
32,DM230
36,GFj10
30,GFj15
39,GFj15
24,GTz3
24,GTz10
30,HeH10
36,HeH12
37,HLu10
26,HWo1
36,InA10
32,InA28
32,InA30
39,IPa10
38,IPa10
24,JCn1
25,JCn3
28,JCn6
38,JCn20
25,JuA100
25,JuA101
25,JuA102
25,JuA103
25,JuA104
25,JuA105
25,JuA106
25,JuA107
30,MvS1
40,MvS2
26,MvS3
30,MvS3
40,MvS4
27,MvS4
26,MvS4
30,MvS6
30,MvS10
26,MvS12
30,MvS12
30,NPa3
30,NPa20
24,NPS10
24,NPS15
24,NPS20
24,NPS25
26,PhD2
26,PhD5
27,PhD9
40,PSv8
24,PSv12
24,PSv13
24,RAl1
40,RAl5
25,RAl20
25,RAl21
24,RAl50
36,RAl50
24,RAl55
30,RAl56
38,RAl62
30,RAl68
24,RAl69
25,RAl70
24,RAl71
30,RAl72
27,RAl73
34,RAl74
38,RAl75
30,RAl76
101,RAl87
40,RAl88
40,RAl90
51,RAl93
51,RAl95
30,RAl98
24,RAl101
30,RAl104
25,RAl106
36,RbG10
32,RCo3
36,RCo4
36,RCo11
33,RCo14
33,RCo15
39,RCo23
39,RCo24
30,RCo24
39,RCo26
39,RCo27
39,RCo30
39,RCo32
39,RCo34
41,RCo35
38,RCo36
72,RCo37
39,RCo38
39,RCo41
39,RCo43
33,RCo44
39,RCo47
39,RCo48
66,RCo60
39,RCo70
34,RMl1
25,RSt100
25,RSt101
25,RSt102
25,RSt103
25,RSt104
25,RSt105
25,RSt106
25,RSt107
25,RSt108
25,RSt109
25,RSt110
25,RSt111
25,RSt112
25,RSt113
25,RSt114
25,RSt115
25,RSt116
25,RSt117
25,RSt118
25,RSt319
25,RSt320
25,RSt321
25,RSt322
25,RSt323
25,RSt324
25,RSt325
25,RSt326
25,RSt327
25,RSt328
25,RSt329
25,RSt330
25,RSt331
25,RSt332
25,RSt333
25,RSt334
25,RSt335
25,RSt336
25,RSt337
25,RSt338
25,RSt339
25,RSt340
31,RSt340
25,RSt341
25,RSt342
25,RSt343
25,RSt344
25,RSt440
25,RSt441
25,RSt442
36,RSt445
25,RSt445
25,RSt446
32,SK2
24,SK3
41,SK5
24,SK6
30,SK8
24,SK12
32,SK22
25,SK26
31,SuH1
31,SuH2
31,SuH10
24,ToG6
25,ToG15
40,ToG22
27,VDa10
102,VDa10
26,WiF10
30,WiF10
33,ABd
39,ABd4
24,AVL2
24,AVL7
34,AVL9
34,AVL10
34,AVL11
33,AVL13
32,AVL30
32,AVL35
30,CD8
39,CD20
30,CD22
38,CD28
32,CD29
44,DMG2
25,FCk1
25,FCk2
24,FiC1
24,FiC11
40,FiC20
66,FrE10
32,FrL10
103,GeP10
28,GeP15
28,GeP15
28,GeP18
28,GeP25
34,GeP40
25,HeD100
25,HeD101
25,HeD102
25,HeD103
25,HeD104
25,HeD105
25,HeD106
25,HeD107
25,HeD108
25,HeD109
25,HeD110
25,HeD111
25,HeD112
25,HeD113
25,HeD114
25,HeD115
25,HeD116
25,HeD117
25,HeD118
25,HeD119
25,HeD120
25,HeD121
25,HeD122
25,HeD123
25,HeD124
25,HeD125
25,HeD126
25,HeD127
25,HuC7
25,IML100
25,IML101
25,IML102
24,JAn1
25,JNs100
25,JNs101
25,JNs102
25,JNs103
25,JNs104
25,JNs105
25,JNs106
25,JNs107
25,JNs108
25,JNs109
25,JNs110
25,JNs111
25,JNs112
26,JNs210
25,JqR17
24,JqR20
24,JqR23
30,JqR25
26,JqR25
24,JqR50
24,JqR55
25,JuB100
25,JuB101
25,JuB102
25,JuB103
25,JuB104
45,LMa2
30,LMa4
26,LMa5
30,LMa10
26,LMa18
24,LMa21
30,LMa23
30,LMa24
24,LMa30
30,LMa35
24,LMa37
24,LMa40
39,MFe10
30,MFe25
66,MFe40
30,MR3
26,MR4
24,MR4
24,MR7
34,MR9
25,MR11
34,MR12
24,MR13
31,MR14
31,MR15
24,MR15
30,MR17
26,MR17
30,MR19
24,MR19
24,MR21
26,MR25
40,MR29
24,MR30
40,MR30
26,MR34
36,NAC10
27,RoL10
66,RoV1
24,RoV2
24,RoV3
26,RoV5
26,RoV7
36,RoV10
39,RoV13
26,RoV15
66,TPo12
66,TPo16
33,TPo21
26,Z5110
26,Z5115
66,Z5115
27,Z5620
34,Z5630
25,ArH101
25,ArH102
25,ArH103
25,ArH104
25,ArH105
36,ArH105
25,ArH106
25,ArH107
25,ArH108
25,ArH109
25,ArH110
25,ArH111
25,ArH112
25,ArH113
25,ArH114
25,ArH115
26,ArH115
25,ArH116
25,ArH117
25,ArH118
24,ArH204
30,ArH205
24,ArH205
30,ArH207
30,ArH210
39,ArH210
33,ArH215
30,ArH215
30,ArH216
24,ArH217
24,ArH218
26,ArH220
30,ArH227
30,ArH230
40,ArH236
30,ArH240
30,AuJ10
24,BbB3
25,DTa100
25,DTa101
25,DTa102
25,DTa103
25,DTa104
25,DTa105
25,DTa106
26,DTa150
34,DTa210
32,DTa211
39,DTa212
36,DTa215
24,DTa220
24,DTa221
24,DTa222
25,EMo5
30,EMo17
39,EMo17
30,EMo20
30,EMo25
30,EMo40
39,FMe10
39,FMe12
24,FrR17
27,FrR20
30,GTh10
30,GTh12
30,GTh14
30,GTh16
30,GTh18
30,GTh20
30,GTh22
44,GTh23
30,GTh24
30,GTh26
30,GTh28
30,GTh30
30,GTh32
30,GTh36
30,GTh37
30,GTh38
30,GTh40
30,GTh42
30,GTh44
30,GTh46
30,GTh48
30,GTh50
30,GTh52
30,GTh54
30,GTh55
30,GTh56
30,GTh57
30,GTh58
30,GTh60
30,GTh62
25,IFr4
24,IFr5
25,IFr6
33,IFr7
36,IFr8
39,IFr8
32,IFr12
24,IFr14
33,IFr19
36,IFr25
33,IFr30
33,IFr35
33,IFr40
25,IFr52
39,InH2
36,InH8
36,InH15
36,InH18
38,InH20
36,InH25
24,JBC14
66,JBC27
32,JBC55
25,MiW12
30,MiW12
33,MiW20
34,MiW21
33,MiW22
25,MiW30
30,MiW43
30,MRe7
24,MWe10
24,MWe12
24,MWe15
39,PLd10
24,RuB10
30,RDa1
36,RDa3
30,RDa5
32,RDa6
32,RDa9
32,RDa10
32,RDa11
32,RDa12
32,RDa14
44,RDa22
44,RDa23
30,RDa25
40,RMu5
24,RMu6
24,RMu7
24,RMu25
30,RMu37
24,RMu41
26,RMu46
26,RMu50
24,SJF9
40,SJF17
24,SJF17
33,SJF19
40,SJF20
39,SJF22
24,SL1
26,SL3
24,SL5
24,SL7
24,SL10
30,SL14
24,SL15
25,SL19
40,SL20
33,SL20
25,SL21
24,SL22
31,SL33
31,SL35
39,SL39
31,SL39
24,SL44
24,SL49
24,SL50
26,SL53
25,SL56
24,SL59
30,SL60
24,SL62
32,SS01
24,SS02
104,SS03
36,SS04
25,SS2
32,SS5
25,SS6
36,SS7
30,SS8
32,SS9
38,SS10
38,SS11
24,SS13
32,SS18
32,SS19
38,SS20
38,SS21
36,SS24
24,SS26
31,SS26
63,SS32
31,SS33
24,SS34
25,SSi115
27,WPr10
24,xMb10
39,ACt8
36,ACt10
27,AlR1
40,AlR1
40,AN10
42,AnQ10
34,ArP1
24,ArP4
45,ArP5
34,ArP10
28,ArP15
34,ArP16
40,ArP18
33,AtR10
25,BoS50
25,BoS61
25,BoS62
33,BoS70
36,BoS75
24,BoS80
25,ClC8
24,ClC20
25,ClC21
25,ClC24
24,ClC24
24,ClC35
25,ClC45
24,ClC49
40,ClC50
24,ClC57
25,DLR3
25,DLR4
24,DLR5
25,DVs1
30,DvS3
27,DvS10
24,FT1
24,FT2
25,FT3
24,FT4
26,FT6
24,FT7
25,FT8
26,FT9
24,FT10
51,FT10
31,FT11
26,FT12
26,FT13
30,FT14
30,FT15
40,FT16
26,FT18
24,FT20
24,FT21
26,FT22
24,FT24
26,FT28
51,FT30
25,IGi10
24,IGi20
39,IGi25
39,IGi30
25,IrE1
40,IrK2
30,IrK7
32,IrK15
33,IrK25
33,IrK27
25,IrL10
36,IvY10
39,IvY10
40,JCa4
30,JCa7
30,JCa9
24,JCv10
33,JCv16
24,JFe10
30,JFe20
30,KRz14
26,KRz14
24,KRz25
24,KRz32
33,KRz32
24,KuF9
24,KuF10
38,LFo10
31,MBc10
27,MdC10
27,MdC16
26,MPi23
26,MPi40
45,MPi20
24,MPi45
40,MPi50
25,NLl93
25,NLl94
25,NLl95
25,NLl96
36,NLl97
25,NLl97
25,NLl98
25,NLl99
25,NLl100
25,NLl101
25,NLl102
25,NLl103
25,NLl104
25,NLl105
25,NLl106
25,NLl107
25,NLl108
25,NLl109
25,NLl110
25,NLl111
25,NLl112
25,NLl113
25,NLl114
25,NLl115
38,RCu10
38,RCu12
39,SHa7
32,SHa10
26,SHa10
25,SHo2
25,SHo4
25,WWh50
32,WWh80
24,AnT2
24,AnT4
24,AnT9
24,AnT12
24,BeW4
24,BeW10
24,BeW12
32,ChH3
25,ChH10
24,DiD10
39,DoS8
39,DoS9
39,DoS12
24,DPt2
30,DPt6
41,DPt16
41,DPt17
24,DPt19
33,DPt21
26,DPt23
27,DPt23
33,DPt33
26,DPt35
26,DPt36
30,DPt37
30,DPt39
30,DPt41
30,DPt42
105,DPt42
26,ERr20
26,ERr22
24,ERr30
38,ERr33
26,ERr37
26,ERr40
26,ERr43
26,ERr45
26,ERr47
26,ERr50
26,ERr52
26,ERr55
24,HSr10
25,INw30
25,INw31
25,INw32
25,INw33
45,INw50
24,INw60
32,JLG1
26,JLG4
24,JLG4
24,JLG8
26,JLG9
25,JLG11
26,JLG14
36,JLG15
26,JLG16
30,JLG21
26,JLG22
24,JLG25
24,JLG40
26,JLG45
24,JLG50
30,JLG52
27,JLG55
40,JLG61
24,JLG63
41,JLG65
25,LeH10
25,Leh20
25,Leh21
24,MeF10
25,PlA100
25,PlA101
24,PlA120
25,PlA120
26,PWe2
30,PWe4
26,PWe4
26,PWe6
25,PWe10
40,PWe15
24,PWe15
66,RuM30
30,RuM37
66,RuM37
66,RuM40
25,SRo1
25,SRo2
25,SRo3
25,SRo4
25,SRo5
24,SRo20
45,SRo32
33,SRo35
25,SRo35
40,SRo37
42,SRo37
24,SRo40
24,TRs1
24,TRs3
24,TRs4
24,TRs8
24,TRs12
30,TRs15
33,TRs16
24,TRs17
24,TRs18
33,TRs19
32,TRs22
24,TRs23
38,TRs25
40,TRs28
39,TRs32
24,xDe10
25,ACj110
25,ACj111
25,ACj112
25,ACj113
25,ACj114
25,ACj115
25,ACj116
25,ACj117
25,ACj118
25,ACj119
25,ACj120
25,ACj121
25,ACj122
25,ACj123
25,ACj124
25,ACj125
25,ACj126
25,ACj127
25,ACj128
32,AlZ4
32,AlZ5
24,AlZ25
33,BiK10
42,ClL25
31,DuC10
24,DPo6
30,DPo7
51,DPo7
39,DPo15
26,DSm10
31,ECo20
44,FCo10
30,FCo20
25,GeR1
42,GiP20
32,GOu20
24,GOu35
36,GPl10
25,GSj1
25,GSj2
25,HAG1
40,IMx10
24,IS2
24,IS5
39,IS7
24,IS7
24,IS8
24,IS9
26,IS10
30,IS11
24,IS16
39,IS16
26,IS20
26,IS25
30,JL5
30,JL10
30,JL13
30,JL15
26,JqD2
26,JqD3
27,JqD4
27,JqD5
38,JqD7
27,JqD22
30,JqD22
40,JqD28
36,JSq10
42,JWa1
33,JWa2
31,LRg10
33,LSt10
39,MaB1
25,MaB10
39,MaB12
39,MaB15
39,MaB21
39,MaB23
39,MaB28
39,MaB30
41,MBo10
41,MBo11
41,MBo12
41,MBo16
41,MBo12
41,MBo17
25,MeW10
36,MeW30
24,NOs2
24,NOs3
66,NOs30
66,NOs35
38,NOs35
66,PVh9
33,PVh12
33,PVh16
33,PVh17
26,PVh18
33,PVh18
66,PVh19
25,RiD1
27,RMD10
66,RMD10
30,RRu15
24,RRu20
39,RtP10
32,SiA10
24,StB2
24,StB3
24,StB5
25,AKj10
25,AKj11
25,AKj12
25,AKj13
25,AKj14
25,AKj15
25,AKj16
25,AKj17
25,AKj18
25,AKj19
25,AKj20
25,AKj21
24,AxS10
24,BFo1
24,BFo12
38,BFo13
24,BFo14
31,CBl20
31,CBl25
31,CBl26
31,CBl30
31,CBl32
31,CBl35
31,CBl40
31,CBl60
31,CBl67
31,CBl69
31,CBl70
31,CBl73
31,CBl80
106,ElP10
24,ElP30
24,EOB1
39,FrF26
39,FrF28
39,FrF30
30,FrF30
39,FrF35
39,FrF40
30,FrF40
39,FrF45
30,FrF45
30,GeW3
30,GeW5
39,GnN10
27,GnN14
27,GnN15
25,GoH10
25,GoH50
25,GoH51
25,GoH52
25,GoH53
38,GoH54
24,GxR10
26,GxR10
24,GxR15
30,GxR20
24,HiT15
26,HiT15
31,HiT33
24,HiT35
26,HrC10
39,HrR10
39,HrR12
24,ICs1
31,ICs4
24,ICs4
24,ICs7
24,ICs9
31,ICs12
24,JoQ10
34,MBd10
31,NKp1
31,NKp5
31,NKp10
24,NKp12
24,NKp22
26,NKp22
31,NKp30
26,NKp40
24,PaP2
24,PaP10
107,PaP15
24,PaP19
24,PaP20
38,PaP20
24,PaP25
66,PaP35
30,PdB3
25,PdB6
30,PdB10
30,PEt10
51,PMo1
51,PMo3
51,PMo5
30,PMo12
66,PMo12
108,PMo13
108,PMo15
66,PMo15
26,PMo17
26,PMo19
39,PMo22
66,PMo22
30,PMo24
24,PMo27
66,PMo27
24,PlT1
24,PlT8
24,PlT10
24,PlT40
24,PlT50
40,PlT50
24,PlT60
41,PlT60
25,PtZ10
27,RDL3
30,RDL3
27,RDL5
30,RDL5
30,RDL6
30,RDL7
33,RDL10
30,RDL11
25,RDL11
33,RDL12
32,RDL13
40,RDL13
24,RDL15
34,RDL17
24,RDL18
38,RDL19
38,RDL20
30,RDL24
25,RDL24
30,RMe5
26,RMe5
28,RMe12
26,RMe12
24,RoP2
39,RoP2
39,RoP4
30,RoP4
39,RoP5
24,RoP6
24,RoP7
28,RoP8
39,RoP9
24,RoP10
25,RoP15
51,RoP20
66,RoP20
25,RoP22
72,RoP27
34,SaP2
34,SaP4
24,SaP6
33,SaP11
34,SaP13
33,SaP15
33,SaP20
33,SaP30
31,SCl5
31,SCl10
41,SeL1
32,SeL3
34,SeL20
34,SeL26
34,SeL28
34,SeL30
24,SeL45
33,SeL45
45,SeL55
33,SeL55
39,SlV10
37,WRe10
37,WRe20
37,WRe25
37,WRe35
37,WRe38
37,WRe40
38,AMg7
39,AMg10
25,ARG2
24,Ava3
24,AVa10
31,AVa10
40,AVa12
39,AVo10
24,BB2
24,BB5
24,BB6
26,BB7
42,BB8
24,BB10
40,BB11
24,BB15
24,BB17
26,BtB3
30,BtB3
30,BtB15
66,BtB15
26,BtB25
26,BtB29
26,BtB32
25,BGi10
25,BGi11
25,BGi13
25,BGi14
25,BGi15
25,BGi16
25,BGi17
25,BGi18
25,BGi19
25,BGi20
25,BGi21
32,CJ4
66,CJ6
32,CJ8
109,ElS2
34,ElS4
24,FPy1
24,Fpy7
24,FPy8
30,FPy8
30,FPy10
40,FPy20
24,FPy22
31,FPy30
24,GgE10
24,GlR15
24,GlR20
24,GlR25
24,GRH1
24,GRH2
26,GRH3
24,GRH4
30,GRH5
32,GRH6
30,GRH8
25,GRH8
32,GRH9
30,GRH10
33,GRH10
26,GRH11
24,GRH12
24,GRH20
32,ILb10
66,ILb12
39,HHe1
25,JsL10
39,JsL10
40,JPd10
24,JPd20
66,LFr10
39,LFr10
40,LHM1
32,LHM1
38,LHM3
30,LHM10
27,PY1
45,PY4
45,PY7
25,PY10
24,PY11
36,PY19
25,PY25
26,PY32
26,PY34
24,PY34
45,PY37
24,PY38
39,RD4
38,RD5
24,RD9
33,RD10
27,RD18
33,RD19
33,RD25
24,RD30
33,RD35
30,RD37
34,RD37
25,RD41
33,RD43
40,RoT20
24,RNe1
24,RNe2
36,RNe10
24,RNe15
36,RNe23
25,SP5
25,SP6
38,SP25
24,SP35
32,SP40
33,SP45
24,SP46
30,SP46
25,SP47
24,SP49
24,SP55
30,SP57
26,SP61
32,SP61
40,SP61
24,SP65
25,SP67
25,SP68
39,SP68
24,SP75
24,AMk10
24,ASe10
30,BdY3
30,BdY4
30,BdY5
39,BuT10
39,CuH14
24,CuH20
38,DCh10
66,DCh15
66,DCh25
39,FFC1
27,FFC3
30,FFC3
33,FFC5
25,FFC6
33,FFC7
33,FFC8
30,FFC9
24,FFC10
24,FFC12
24,FFC15
40,FFC20
24,FFC24
33,FFC24
39,FFC26
24,FFC29
38,FJS10
40,FJS13
41,FJS14
32,FJS16
25,FJS18
33,FJS22
24,FJS22
40,FJS22
25,FJS29
27,FJS35
30,GLt2
30,GLt10
25,GLt20
25,HvH10
25,HvH11
25,HvH12
25,HvH13
25,HvH14
39,ILa10
30,ILa15
30,ILa31
30,ILa32
30,ILa33
39,ILa34
30,ILa38
30,ILa40
30,ILa50
30,ILa55
30,ILa62
27,ILa62
25,JaS10
25,JaS11
25,JaS12
25,JaS13
25,JaS13
26,JaS20
30,JaS20
25,JaS38
51,JaS38
32,JaS40
66,JaS42
24,Jas44
33,JaS46
33,JaS48
26,JaS65
30,JGi10
26,JGi10
25,JSn10
30,KgD10
30,LiW8
24,LiW8
24,LiW9
24,LiW10
25,LiW14
24,LiW30
34,NJ5
25,NJ7
30,NJ7
28,NJ8
27,NJ11
33,NJ13
24,NJ20
26,NJ25
30,NJ30
24,NJ34
40,NJ42
30,NMa10
31,PdR10
24,PK3
39,PK5
33,PK6
40,PK7
24,PK15
40,PK20
25,PK22
45,PK22
25,RHd2
25,RtD10
25,RtD11
25,RtD12
25,RtD13
39,RyS10
27,RyS10
39,RyS20
27,SPv10
36,SSe10
36,WHu1
30,WHu7
40,WHu10
25,WHu14
26,WHu14
30,WHu17
26,WHu17
24,WHu27
24,Whu29
30,AaB10
33,AII1
26,AII1
33,AII3
34,BuK3
34,BuK5
30,BuK10
34,BuK10
24,CB14
24,CB15
24,CB18
25,HaM10
25,HaM11
39,HGL6
32,IDk3
66,IDk3
32,IDk6
66,IDk6
66,IDk10
32,IDk30
30,IDk32
66,IDk32
110,IvP20
30,IvP24
40,IvP40
26,JEu15
24,JEu20
51,JEu20
34,JGs6
32,JGs10
24,JGs20
33,JGs20
30,JGs30
33,JGs31
40,JGs40
26,KRu2
39,KRu4
66,KRu4
27,KRu6
40,KRu7
27,KRu8
40,KRu9
27,KRu9
66,KRu9
38,KRu10
40,KRu10
30,KRu22
24,KRu25
24,KRu25
26,KRu28
41,KRu32
26,KRu37
25,LeP10
24,LFa10
24,LHz15
31,LHz20
25,LwT10
24,LwT20
24,LwT30
39,LwT33
32,LwT39
39,LwT43
33,LwT50
31,MAp7
31,MAp14
31,MAp21
40,MAp25
30,MAp27
24,MAp29
31,MAp34
40,MAp39
31,MAp41
24,MAp42
31,MAp43
31,MAp43
25,MAp45
24,MAp47
24,MAp50
45,MAp50
32,MAp51
33,MAp51
31,MAp52
26,MF2
24,MF5
27,MF6
40,MF8
24,MF9
40,MF15
30,MF18
24,MZ1
30,PTw9
34,PTw9
26,RuT30
30,RuT30
26,RuT36
30,RuT36
66,TyN10
30,TyN10
36,UbR10
41,TGA2
30,TGA4
24,TGA8
30,TGA20
30,TGA22
25,WFr10
25,WFr11
25,WFr12
25,WFr13
25,WFr14
30,WFr33
25,WFr35
33,WFr35
39,WFr36
24,WFr38
33,WFr39
30,WFr45
33,WFr60
39,WFr70
33,Z6420
36,Z6420
30,Z6420
25,AlM10
36,AMD3
32,AMD16
25,CCG1
25,CCG3
31,CCG4
24,CCG7
24,CCG8
24,CCG10
25,CCG15
24,CCG24
30,EtS4
26,EtS5
24,EtS5
24,EtS7
41,EtS7
26,EtS10
24,EtS10
30,FrC1
27,FrP2
24,FrP10
25,HCo10
33,IBo2
33,IBo3
26,IBo4
24,IBo5
32,IBo5
38,IBo7
38,IBo20
33,IBo27
33,IBo30
45,IBo35
40,IBo35
24,JBH10
38,JBH20
45,JBH30
25,JBw10
39,JkH10
39,JkH20
24,JTl9
24,KLo15
24,KLo40
31,KLo40
30,KLo43
31,KLo46
24,KLo46
40,KLo48
24,KLo48
24,KLo51
26,KLo55
24,KLo56
25,LiS10
30,LiS10
24,MBe1
30,MBe2
24,MBe4
24,MBe8
24,MBe10
66,MBe10
24,MBe18
39,MRv2
39,MRv4
39,MRv6
26,NoT3
30,NoT5
27,NoT5
34,NoT10
26,NoT10
30,NoT12
38,NoT15
31,RKp10
26,SiM10
30,SkT1
34,SSa10
66,StA10
39,StA10
24,VGg10
24,WaL10
39,WCo10
38,WjH10
33,WTN10
33,WTN12
36,Z6510
26,BBw10
26,BBw20
33,DoH10
33,DrH10
30,EBy10
39,EBy10
55,EBy20
55,EBy22
34,FBe11
41,FBE15
30,FZe1
24,FZe2
26,FZe2
40,FZe3
26,FZe6
27,FZe7
27,FZe10
24,FZe15
24,FZe21
41,FZe23
26,FZe23
30,GAd5
30,GAd10
24,GiG10
30,HyA2
39,HyA3
30,HyA10
30,HyA30
24,JAT3
34,JeH10
24,JeH30
41,JKz2
31,JNe20
33,JSg5
33,JSg6
40,JSg18
30,JSg22
99,JSg35
24,JSk25
36,JuF4
36,JuF6
36,JuF10
36,JuF18
36,JuF20
36,LBn10
32,LBn30
66,MlC10
36,MlC15
33,MeG12
24,MeG30
33,MeG40
24,MeG51
30,MN2
30,MN6
40,MN8
24,MN8
24,MN11
24,MN15
24,MN20
24,MN22
51,MN25
30,MN25
39,MN25
30,MN27
30,MN28
30,MN31
36,MN31
66,MiS3
38,MiS3
111,PlM1
30,REM5
66,RyK10
24,RyK10
66,RyK12
24,RyK12
34,SeC10
30,SNz10
24,SNz10
39,SRm1
66,SRm5
39,SRm10
30,SRm10
31,WKl17
31,WKl19
31,WKl20
40,WKl35
24,VoS20
24,VoS22
24,VoS26
36,VoS40
26,VoS42
24,VoS48
34,Z6640
30,Z6650
26,Z6650
24,NPk10
26,NPk30
24,NPk30
24,ADr10
27,ADr10
33,BrS10
33,BrS12
30,CaR1
30,CaR5
51,CaR7
30,CaR7
30,CaR15
30,CaR20
30,CaR22
30,CaR24
30,CaR30
30,CaR31
25,CaR35
30,CaR35
26,CaR38
30,CaR38
33,CfO10
33,CfO20
31,FrW10
31,FrW14
31,FrW18
31,FrW22
31,FrW30
31,FrW50
26,GSs1
30,GSs1
30,GSs2
24,IAv4
24,IAv7
26,IAv10
25,IAv16
45,IAv18
30,IAv18
31,IAv19
24,IAv19
33,IAv20
33,IAv21
30,IAv25
33,IAv27
41,JFC15
39,JrS10
24,JSi10
45,JTh10
24,LaJ13
38,LaJ20
30,MRt6
30,MRt7
30,MRt8
32,MRt11
39,MRt11
44,MRt18
30,MRt20
40,MRt27
24,MVP43
26,MVP47
25,PCo11
25,PCo12
32,PCo13
32,PCo17
30,RDh10
39,SaG10
24,ToL1
24,ToL10
26,WBz13
66,WBz13
39,WH9
32,WH11
32,WH30
31,WH38
24,AlF10
24,AHv10
24,AnP7
24,AnP18
30,BdP2
25,BdP8
27,BdP10
25,BdP11
39,BdP12
36,BdP13
25,BdP13
30,BdP14
39,BdP14
24,BdP15
25,BdP17
66,BdP17
45,BdP18
33,BdP19
24,BdP21
24,BdP23
24,BdP25
39,BdP25
24,BdP26
33,BdP30
25,BdP32
25,BMy14
33,BzK8
33,BzK20
32,CPR10
31,FeS10
37,GgD10
24,GiC3
30,GiC10
26,GiC10
26,GiC12
39,GRo1
72,GRo5
39,GRo7
39,GRo12
72,GRo15
39,GRo20
39,GRo30
39,GRo35
30,GPi10
30,GPi13
45,GuL10
30,HMo10
36,JOC10
34,JOC10
37,JfH10
39,JFr8
39,JFr10
39,JFr12
39,JFr15
39,JFr22
24,JGo10
33,JGo13
45,JHe10
30,JiC20
39,JiC20
36,JMB2
27,JMB5
51,JMB7
26,JMB7
26,JMG4
30,JMG4
66,JRl10
66,JRl15
66,JRl20
66,JRl10
26,JSt1
24,KBi5
25,KFu10
55,KFu30
31,KlW10
30,MB1
30,MB2
30,MB3
30,MB4
30,MB6
30,MB15
30,MB17
30,MB20
30,MB22
36,MgT10
30,MRy1
34,MRy7
40,MRy9
26,MRy10
40,MRy19
27,MRy19
24,MRy21
25,NoB3
66,NoB10
39,PBo2
26,PBo3
30,PBo5
30,PBo6
24,PBo9
41,PBo9
30,PBo11
31,PBo15
30,PBo20
26,PBo22
25,PlB2
34,PlB12
24,PlB20
26,PlB32
24,PNe4
33,SuR5
28,UlG10
40,UlG10
24,UlG22
39,WLW10
36,WLW10
36,WLW15
39,WLW15
24,YYa1
24,YYa10
24,YYa11
24,YYa58
30,YYa59
24,YYa60
30,YYa62
26,YYa78
30,YYa82
39,AlA10
39,AlG11
26,ATe10
25,ATe10
25,ATe20
24,ATe22
33,BGH9
33,BGH10
33,BGH20
32,BGH26
31,BSc7
31,BSc11
54,BSc20
40,BSc25
25,BSc28
24,BSc40
108,CAm5
108,CAm7
31,CAm12
31,CAm25
26,CAm30
33,DCa5
36,DCa10
24,DHo18
33,DHo22
27,HbR1
30,HbR4
28,HbR5
30,HbR6
28,HbR8
24,HbR9
30,HbR10
27,HbR17
24,HbR21
24,HbR22
26,HbR30
24,HbR30
26,HbR31
24,HbR31
26,HbR32
45,HbR32
30,HbR34
25,HJL10
30,IDx5
24,IDx10
31,IWa1
39,IWa1
39,IWa2
66,IWa2
66,IWa7
39,IWa10
66,IWa10
39,IWa14
66,IWa14
39,IWa20
66,IWa20
27,IWa30
30,IWa30
112,IWa35
30,IWa40
51,IWa40
30,JAu8
66,JAu8
30,JAu10
26,LPe3
24,LPe7
24,LPe15
31,MkK10
30,MRr5
45,NiR1
24,NiR1
24,NiR2
25,NiR3
39,NiR3
36,NiR4
40,NiR40
26,NiR40
24,OuS5
24,OuS6
24,OuS10
24,OuS20
32,PHt1
32,PHt11
32,PHt13
38,PHt13
37,PHt13
33,PHt15
32,PHt20
40,RA2
24,RA3
42,RA5
40,RA5
27,RA8
24,RA10
40,RA10
40,RA15
40,RA17
24,RA19
24,RA22
30,RbD3
113,RbD3
30,RbD10
24,RWF1
24,RWF2
51,RWF3
45,RWF4
40,RWF6
24,RWF8
24,RWF10
26,RWF15
24,RWF15
24,RWF16
26,RWF16
26,RWF18
24,RWF26
24,RWF27
26,RWF27
24,RWF33
30,RWF33
26,SBg10
37,SBg10
30,WA1
30,WA2
30,WA3
30,WA4
36,WA4
30,WA5
26,WA6
26,WA8
26,WA9
30,WA10
30,WA11
26,WA12
26,WA13
30,WA14
26,WA15
24,WA17
30,WA18
26,WA18
30,WA19
24,WA20
24,WA21
24,WA22
30,WA23
26,WA25
27,WA25
30,WA26
30,WA27
30,WA28
24,WA29
66,WEd10
39,WEd10
25,WGr10
26,WiG10
27,WiG10
114,WiG15
24,xAx10
41,xOz10
24,Z6930x
24,Z6940
41,Z6950
39,AyM10
39,AyM15
66,AyM18
26,BRf1
24,BRf2
24,BRf4
33,BRf20
32,BRf30
40,BRf30
26,BRf32
26,BRf34
25,BRf38
25,BRf395
25,DaA3
39,DaA5
27,DaA5
39,DaA7
39,DaA9
39,DaA13
39,DaA18
39,DCs1
39,DCs10
39,DCs12
41,DCs15
39,DCr14
36,DCr15
25,DCr17
39,DCr18
39,DCr20
25,DCr22
40,DCr22
38,DCr25
26,DCr30
24,DCr30
24,DCr35
26,DCr35
66,DCr37
39,DHe10
39,DoC7
38,DoC10
31,EdA5
31,EdA10
31,EdA15
115,EdA20
33,EGC10
26,EGC10
30,EMa10
30,EMa15
34,FKr15
34,FKr17
34,FKr20
37,FrB1
37,FrB3
37,FrB5
37,FrB7
37,FrB9
37,FrB11
37,FrB13
37,FrB17
37,FrB21
24,FSc1
24,FSc5
34,FSc10
24,FSc15
30,FSc18
24,FSc20
24,FSc25
24,FSc29
30,FSc31
31,FSc31
26,FSc34
32,FSc34
40,GiB10
24,GiK1
26,HAs2
30,HAs3
26,HAs4
30,HAs4
27,HAs5
24,HAs5
24,HAs6
30,HAs7
30,HAs9
24,HAs9
30,HAs10
24,HWe10
44,HPr10
27,HPr20
30,JaB2
24,JaB5
116,JSb3
116,JSb5
24,JSb10
24,JSb13
24,JSb20
24,JSb27
24,JSb30
38,KCo15
32,KCo20
30,KCo20
38,KCo22
38,KCo25
24,LJe1
38,LJe2
24,LJe4
37,LJe4
31,LKa1
24,MS0
33,MS2
24,MS3
30,MS4
24,MS5
33,MS6
24,MS7
27,MS7
31,MS10
27,MS10
40,MS18
30,MS19
24,MS19
30,MS20
38,MS20
24,MS22
24,MS23
24,MS25
25,MS26
26,MS28
40,MS29
24,MS30
40,MS32
24,MS34
41,MS35
31,MWa4
39,MWa10
24,PaS10
39,PeS3
25,PeS5
40,PM2
30,PM2
26,PM3
30,PM3
24,PM6
24,PM9
26,PM10
30,PM12
26,PM15
30,PM15
24,PM20
30,PM20
24,PM21
66,RAu10
33,RAu40
25,Rau60
34,RBe1
28,RBe2
25,RBe5
45,RBe12
24,RBe15
24,RBe19
24,RFu10
30,RFu11
39,RFu11
30,RFu12
39,RFu12
38,RFu20
24,ShB10
31,ShB10
24,ShB20
24,TAn12
24,TAn16
42,TAn20
24,TAn21
39,SSg20
24,ThC40
30,VME8
39,VME9
26,VME11
30,VME13
32,VME14
30,VME15
34,VME18
30,VME20
45,VME35
30,VME40
39,WCr4
39,WCr5
39,WCr6
39,WCr10
39,WCr15
39,WCr17
39,WCr19
39,WCr20
39,WCr22
39,WCr40
39,WCr42
39,WCr43
39,WCr44
39,WCr46
31,WCr48
24,WCr48
30,WCr49
32,xFr10
40,Z7110
25,AJP1
25,AJP2
40,AJP3
26,AJP5
24,AJP7
24,AJP15
24,AJP25
45,AJP29
30,ATa10
39,AJy20
25,CEa1
34,CEa2
34,CEa3
34,CEa5
32,CEa6
33,CEa7
34,CEa10
40,CEa12
40,CEa14
33,CEa15
34,CEa16
45,CEa17
26,CEa18
25,CEa19
24,CEa20
25,CEa21
25,CEa22
24,CH5
34,CH10
30,CoH1
30,CoH2
30,CoH3
24,CWr3
25,CWr10
24,DaT10
36,DTr3
36,DTr10
32,EPe10
27,FAs1
36,GgL1
24,GgL2
36,GgL3
36,GgL5
36,GgL6
45,GPk10
45,GPk14
30,HJ5
26,HJ5
30,HJ7
44,HJ10
30,HJ12
26,HJ14
50,HJ18
39,HKu10
30,IBa7
27,IBa9
26,IBa10
39,IBa10
32,IBa12
33,IBa13
36,IBa16
30,IBa20
33,IBa20
33,IBa22
33,IBa23
117,IHk10
40,IHk20
39,IHk25
34,IHk30
66,JBi10
30,IvR4
30,IvR6
30,IvR10
30,IvR12
30,IvR14
30,IvR19
30,IvR21
30,IvR23
26,IvR23
32,IvR25
66,JeA10
38,JJA5
24,JJA7
24,JJA10
26,JJA20
66,JJA20
40,JJA25
66,JLr10
39,JLr10
33,JVl10
33,JVl12
39,LnK10
24,LTu10
24,LTu30
30,MiL1
30,MiL4
30,MiL5
30,MiL7
30,MiL9
30,MiL11
30,MiL12
30,MiL14
30,MiL17
30,MiL20
26,MiL22
30,MiL22
26,MiL24
26,MiL28
24,MiL29
27,MiT3
39,MSL10
36,MSL15
40,MvC10
24,MvC30
39,PDu3
33,PDu10
33,PMa5
25,PWr2
28,PWr3
24,PWr4
33,PWr5
24,PWr5
26,PWr6
24,PWr6
24,PWr8
24,PWr12
26,PWr14
30,PWr14
32,PWr16
26,PWr16
24,PWr21
37,RBa1
66,RBa1
30,RBa1
37,RBa2
37,RBa3
37,RBa4
37,RBa5
37,RBa6
37,RBa7
37,RBa8
37,RBa12
26,RBa12
37,RBa16
26,RBB10
33,RSa5
25,RSa5
34,RSfl0
28,RSf20
24,RvP1
31,RvP6
31,RvP9
24,RvP13
30,SPo2
25,Spo8
24,StF3
24,StF4
26,StF5
51,StF10
30,StF12
24,StF12
24,StF13
30,StF14
24,StF14
30,StF17
24,StF17
24,StF20
24,StF23
36,YBa10
24,BaP10
28,BCl1
28,BCl4
24,BCl5
30,BCl10
37,CAN10
24,DaH1
24,DaH2
30,DuW10
34,EgM10
39,EgM12
24,ELh1
32,EuM10
24,GCS10
24,GBl10
30,GBl20
66,GrD10
39,HwM10
33,JeJ10
32,JeJ15
39,JqL10
100,LCh1
24,LCh2
24,LCh3
39,LCh5
39,LCh13
39,LCh14
36,LCh14
40,LCh15
39,LCh16
36,LCh25
39,LCh31
39,LCh36
39,LCh39
25,LCh39
25,LCh45
34,MoH3
24,MoH10
66,PBa1
36,PBa3
25,PBa3
51,PBa3
33,PBa4
51,PBa6
30,PBa8
30,PBa9
24,PBa12
25,PCr8
24,PMe10
39,PMe15
30,PMe20
33,PMe30
33,PMe32
33,PMe36
24,PVg10
45,RAC10
30,RAC10
36,RAC20
39,RtY10
30,RtY14
30,RtY15
37,RWl10
30,TmM1
45,TmM1
36,WlC10
39,WlC10
38,WSt10
39,AMe10
24,AMy3
32,AMy3
66,AMy10
30,AMy10
30,AMy18
30,AMy20
27,APa5
31,APa6
24,APa6
27,APa7
24,APa12
24,APa20
41,APa20
31,APa24
27,APa25
27,APa30
40,APa30
24,BGu10
39,BGu10
115,CSe6
30,CSe10
26,CSe15
24,DDu10
25,DDu15
40,EdC10
40,GKc4
39,GlJ10
30,GlJ40
118,GLJ44
31,GlJ50
24,GlJ50
24,GlJ60
33,IMi1
32,IMi4
33,IMi10
33,IWo10
33,IWo15
33,IWo25
33,IWo35
33,IWo37
33,IWo38
33,IWo40
36,IWo40
41,JCJ10
33,JkS5
25,JkS10
39,JMP10
33,KrD10
33,MCi1
24,MCi2
34,MCi3
24,MCi10
36,MiC5
33,MiC11
25,MiC15
36,MiC20
24,MiC25
30,MMG10
31,MWu10
27,PHz10
31,PHz10
32,RbC10
25,RbC20
33,RCm10
33,RCm15
37,RLa1
37,RLa2
55,ShM5
42,ShM5
36,ShM10
55,ShM15
31,SRd10
31,SRd30
33,TMa1
24,TMa1
24,TMa10
24,TMa11
66,Z7310
26,AZu5
66,AZu25
31,BbM5
31,BbM10
31,BbM19
31,BbM22
24,BTv5
27,BTv16
31,BTv16
24,BTv22
24,BTv24
31,BTv26
32,BTv27
45,BTv29
24,CWh10
30,CWh10
24,DaG3
24,DaG6
25,DaG10
24,ERz3
24,ERz6
24,ERz10
24,ERz18
24,ERz19
24,ERz20
24,ERz21
39,GLe10
38,GNe5
32,GPC5
32,GPC10
33,GPC20
33,GPC25
34,GPC29
36,ICa8
25,ICa8
36,ICa9
30,ICa20
36,ICa20
32,ICa25
33,ICa25
39,ICa27
33,JDe1
30,JDe3
34,JDe5
25,JDe8
24,JDe10
24,JDe12
26,JDe15
31,JDe19
30,JDe20
39,JDe23
40,JDe25
27,JDe27
24,JDe28
25,JDe32
24,JDe35
27,JDe36
40,JDe36
25,JDe40
27,JHr10
27,JHr20
27,JHr30
24,JMS1
24,JMS2
30,JMS9
25,JSz3
26,JSz4
32,JSz10
38,JSz12
25,JSz15
66,JuJ1
66,JuJ3
66,JuJ4
66,JuJ5
66,JuJ10
66,JuJ15
66,JuJ17
66,JuJ19
31,KBu10
31,KBu20
31,KBu22
31,KBu24
31,KBu40
31,KBu45
31,KBu50
31,LoG40
24,Ph4
41,MBn10
24,MBn10
40,MiD10
40,MiD20
24,MLd10
66,MLi10
25,PGD11
39,RBl10
36,SBs10
32,StC10
24,StC12
32,StC20
34,StC30
40,ToA10
39,ToH1
39,ToH3
72,ToH14
38,ToH20
39,ToH26
36,ToH30
39,ToH40
24,YRa10
30,Z7410
39,Z7410
26,ClW20
25,DRi10
24,DRi14
24,DRi20
24,HeB1
24,HeB3
31,HeB5
26,HeB10
26,HeB12
31,HeB15
39,JiS10
119,JiS10
33,JKp15
33,JKp18
24,JKp30
25,JKp32
34,JKp35
25,JKp35
32,JPR25
39,MxA10
120,NSg10
41,PaC20
42,PaC20
24,PaC24
26,PaC24
24,RaK3
27,RaK5
26,RaK7
66,RaK7
26,RaK8
26,RaK9
33,RaK9
30,RaK15
38,TgG1
38,TiG2
38,TGi4
38,TGi5
38,TGi6
26,TGi7
36,TgG8
24,TGi9
24,TNu3
40,TNu10
33,WHl4
24,WHl8
33,WHl10
33,WHl15
33,WHl20
33,WHl30
34,WHl32
40,WHl32
34,WWi10
40,WWi10
30,ARu4
26,ARu10
25,ARu20
26,ARu20
121,ARu28
31,BaK1
31,BaK20
30,BeG10
30,BBa1
26,BBa1
66,BBa1
45,BBa5
24,BRB3
24,BrB5
33,BrB5
26,BRB7
24,BrB10
26,BrB20
26,BrB21
24,BrB22
24,BrB27
25,BrB30
25,TiB3
45,BuR25
30,CGo10
33,CGr10
33,CkB10
24,ChL1
30,ChL2
24,ChL2
26,ClM30
24,ClM40
24,DnD10
31,GeB3
31,GeB10
32,GeO10
33,IFy10
33,IFy20
100,IFy27
33,IFy40
32,ILn10
33,JFg20
66,JoD5
30,JoD5
39,JoD9
39,JoD11
30,JoD12
36,JoD12
30,JoD13
38,JoD20
30,JoD26
30,JoD30
30,JoD34
37,JoD40
32,JoD40
30,JsF10
30,JsF20
66,LIC10
24,LIC20
24,LIC30
24,KSh10
40,MAk10
30,MLH5
51,MLH10
26,MLH20
33,MLu10
33,MMi10
30,MMi21
30,MSz10
40,MSz11
30,MSz25
24,MxB10
25,RbM1
30,RbM1
24,RbM10
38,RHf10
25,RHf10
33,RHf20
33,RHo1
30,RHo5
26,RHo10
26,RHo12
36,RHo12
30,RHo14
38,RHo15
26,RHo17
30,RHo20
33,RHo22
38,RHo24
38,RHo27
40,RHo29
41,RHo29
32,RHo29
25,RHo31
30,RHo34
30,RHo35
40,RHo36
120,RMr10
27,SOS10
40,SOS10
32,SRf10
36,SRf21
24,TKo15
24,TKo19
33,TKo20
33,TKo22
39,WGi5
39,WGi10
39,WGi15
25,WiW9
25,WiW12
38,WiW20
38,WiW25
45,WiW27
27,WiW30
40,Z3410
31,Z3411
31,Z3412
31,Z3414
36,AGr10
33,AsL10
24,CBt3
30,CBt10
27,CSr8
27,CSr10
27,CSr15
24,CSr20
39,EMt10
30,FrS10
24,FrS10
33,HNe10
122,HNe15
30,HNe17
33,HNe17
123,HNe17
30,HNe20
30,HNe25
33,HNe25
32,HoG10
26,JBr10
24,JNi1
30,JNi10
34,JNi10
33,JNi20
124,JNi24
24,MPr4
24,MPr6
30,MPr10
27,MPr11
24,MPr25
30,NCh10
26,RBn10
39,RCj10
39,RCj11
39,RCj20
24,RDo10
25,RDo20
30,RDo26
30,RDo28
24,RDo30
25,RDo32
55,RDo36
24,RDo40
31,RMY10
87,RMY15
25,SCo10
66,SLw10
39,SRi2
39,SRi3
39,SRi5
39,SRi6
39,SRi8
39,SRi9
30,SRi10
25,SRi18
125,SRi19
32,SWa10
24,TAb10
66,UlO10
24,UlO12
33,UlO17
24,UlO17
66,UlO20
66,UlO25
32,UlO25
66,WLe10
36,WSa5
36,WSa10
30,WSa10
39,AlB10
26,BuH10
30,BuH15
32,CBP10
39,CBP12
55,CoA10
39,DDy10
66,DDy10
38,DeJ10
24,DeJ28
65,DeJ32
36,DLy1
40,DLy2
36,DLy5
30,DLy8
38,DLy8
126,DLy8
24,DLy8
24,DLy10
45,DLy10
24,DLy12
24,DLy18
32,DLy21
40,DLy21
81,DLy25
24,DWr10
26,DWr10
31,ErM3
40,ErM10
31,ErM10
31,ErM20
40,ErM25
26,FDG10
24,FGi10
30,FGi20
27,FMx10
40,FMx10
38,GeM2
33,GeM5
38,GeM17
31,GeM17
25,GeM17
24,GeM17
30,GeM30
38,GeM30
39,IdB10
30,IdB10
39,IdB12
30,IdB12
39,IdB14
30,IdB14
39,IdB16
30,IdB16
39,ICd10
36,HgS10
30,HoZ10
30,HoZ12
30,HoZ18
30,HoZ21
45,HoZ21
30,HoZ23
30,HoZ24
39,HSu10
36,JCm5
33,JCm5
36,JCm10
36,JCm13
33,JCm20
36,JCm20
33,JCm25
26,JCm25
31,JCm28
24,JCm28
42,JCm28
32,JTo3
26,JTo5
30,JTo5
31,JTo7
30,JTo15
33,LBe10
25,LBe10
24,LBe15
41,LBe20
41,LBe21
24,LBe21
24,PSc1
24,PSc10
24,PSc12
39,PSc30
24,PSc39
24,PSc41
30,RBu10
34,RBu10
33,RBu15
30,RBu20
36,RFi10
39,RHy10
40,RoE10
32,RS1
36,RS2
36,RS3
51,RS3
38,RS8
36,RS9
24,RS11
33,RS14
33,RS15
40,RS20
32,RS26
40,RS26
24,RS28
42,RS30
41,RS32
33,RS32
27,SRa5
40,SRa5
30,TCh1
30,TCh2
32,TMy10
31,WaG10
26,WBe1
45,WBe10
38,WBe10
30,WBe15
36,Z7820
30,Z7840
26,AAl6
26,AAl10
30,AAl20
27,AAr10
36,AAr20
30,ABr1
24,ABr3
30,ABr4
30,ABr7
30,ABr9
51,AlC10
24,AlC20
40,AlC20
30,BBi10
66,CiS10
33,CiS40
45,DLD10
39,EWS4
24,EWS10
25,FWa10
24,GiA10
24,GiA20
30,GiA30
24,GiA32
26,GiA35
25,HBe10
25,HBe15
25,HBe18
45,HBe20
32,ICt10
26,Ird10
30,Ird10
30,Ird12
24,Ird14
25,Ird16
30,MBr10
30,MBr14
30,MBr19
24,MBr25
24,MCh5
24,MM10
38,MM20
39,MM25
25,MM25
24,MM30
105,MM33
25,MM33
31,MM37
24,MM37
25,MM41
51,MM41
32,MLt5
24,MLt10
39,MLt15
36,MLt20
36,MLt22
32,MRb10
38,MRb15
24,MxS10
38,NiM5
36,NiM12
32,NiM20
36,NiM30
36,NiM30
30,SDr1
26,SDr1
30,SDr10
24,SyS1
24,SyS2
24,Sys3
38,TrJ10
30,TrJ12
30,TrJ14
38,TrJ15
54,TrJ20
36,YoK1
24,WRi10
30,WRi20
51,ALi10
30,ALi15
40,CBd20
27,CBd30
24,ClP10
26,ClP10
24,DdP10
39,DeH10
25,DDo20
30,DDo20
25,EBi10
33,ErK20
33,ErK30
66,FOR10
66,FOR12
66,FOR12
66,FOR20
36,FOR30
66,FOR30
24,FRa10
39,GBo5
30,GBo15
36,GCl10
39,GCl10
27,GCl20
127,GMu1
42,GMu2
24,GMu9
34,GMu15
36,GMu17
25,GMx5
36,GNs10
30,GNs15
24,GTr12
30,HaR1
30,HaR10
30,HaR14
30,HaR18
36,HaR25
30,HaR25
30,HaR28
39,IBd10
40,IBy10
24,IBy15
33,IMz10
33,IIr10
40,IIr17
33,IIr21
26,IIr30
26,IIr32
32,IQd10
31,IrW10
36,ISy8
31,ISy15
24,ISy20
24,ISy22
32,JfW5
128,JGl10
33,JGl15
33,JGl20
30,JiA1
55,JiA1
30,JiA5
30,JiA7
30,JiA9
30,JiA10
33,JiA15
30,JiA15
33,JiA18
30,JiA18
24,JoO10
36,JoS1
33,JoS5
24,JoS12
24,JoS13
33,JoS15
33,JoS16
38,JoS18
38,JoS20
25,JoS27
32,JrF10
24,JsC10
36,JTM10
66,JTM20
27,JuT5
66,KW10
39,KW10
38,LuP30
36,MHo10
24,MtD10
36,MBm1
25,MBm3
26,MBm3
34,MDa5
51,MNe12
26,MNe18
26,MNe20
26,MNe22
26,MNe25
24,MNe29
31,NRo10
31,NRo12
66,PAl1
30,PAl4
30,PAl4
30,PAl8
24,PAl8
30,PAl10
30,PAl12
30,PAl14
30,PAl16
30,PAl18
26,Pal20
24,Pal20
24,PAl21
30,PHa10
24,PHa15
40,PHa25
31,PHa25
39,PLy10
25,PLy15
30,RFM10
27,RFM12
41,RFM20
38,RGr10
27,RGr10
31,RGr30
30,RKa10
39,RLi6
24,RLi10
26,RLi20
36,RLi25
33,RoH10
33,RoH30
36,RoW10
24,RR1
24,RR2
24,RR3
24,RR4
26,RR5
34,RR5
30,RSr10
39,RSp8
24,RSp10
30,RSp13
30,RSp16
30,RSp17
41,RSp20
32,RSp24
33,RSp24
37,SBe10
31,SfP6
27,SfP6
24,SKw20
39,SSC1
26,SvP10
24,TaH2
24,TaH5
33,TaH6
27,TaH8
31,TaH15
27,TaH15
31,TaH30
82,TaH32
24,TBl21
40,TCl10
24,TCl10
30,TgD1
24,THu10
24,THu13
31,THu20
24,THu20
24,THu25
26,THu30
34,THu30
25,VeZ10
24,VlM10
24,VLo50
31,VLo50
24,WaB10
31,WMi19
31,WMi22
31,WMi25
24,YMZ10
24,YMZ20
24,YMZ22
30,YMZ24
24,YMZ26
66,Z2810
36,Z2810
33,AbF10
39,AbF12
39,AbF14
33,AbF20
45,AbF25
39,AbF27
36,AbF27
30,AnB5
33,AnB10
30,AnB10
30,AnB20
30,AnB26
66,AnB26
30,BoL10
66,BoL10
25,BSe10
25,BSe20
36,BDC8
30,BiP10
30,CaG1
24,CBe10
40,CBe10
24,CGi10
38,DDa10
26,DSh10
26,DSt10
120,DuM5
30,DuM10
24,DuM20
25,ErD10
24,ETi10
24,Eti20
39,FHe10
39,FHe30
39,FHe31
39,FLg10
24,FRo10
31,FRo20
41,Fro28
45,FrV10
45,FrV20
39,GrB4
36,GrB10
129,GrB10
39,HAv10
32,IG1
32,IG2
32,IG3
32,IG4
32,IG5
32,IG6
25,JCL10
33,JCL10
32,JCp15
26,JJB1
25,JJB1
24,JJB10
66,JJB15
30,KeS10
24,MBg10
31,MLe10
27,MLe10
30,MMo10
33,MnB10
40,MnB22
26,MSr10
39,MyR10
39,OlS3
33,OlS15
40,OlS17
40,OlS18
26,OlS20
33,OlS22
40,OlS23
24,OlS25
33,OlS27
30,OzS10
40,PAd1
26,PAd13
30,PAd14
24,PAd17
40,PCx18
24,PCx25
32,PCx28
26,PCx28
26,PCx29
24,QMa10
66,QMa12
66,QMa14
25,RFr10
39,RFr15
32,RFr19
32,RFr25
32,RFr30
39,RiR10
31,RLT10
130,RLT15
25,RMq5
36,RMq8
28,RMq10
115,RoM1
115,RoM2
115,RoM3
30,RZe1
32,RZe3
36,RZe5
37,RZe10
36,RZe12
36,RZe14
34,RZe14
30,RZe17
39,RZe17
30,RZe19
36,RZe20
39,RZe25
30,SGo10
24,SyH10
30,SHS5
25,SHS10
39,Smi3
39,Smi5
40,SMi10
38,SMi14
39,SMi21
26,SMi21
66,StG10
124,SuG10
39,SuG20
36,SuG25
39,TDS10
24,TDS15
32,TKa10
131,WlF10
33,WoP10
39,WoP12
45,WoP17
25,WoP17
25,WoP18
25,WoP20
25,WoP22
24,WoP24
24,WoP25
31,WoP25
40,xGc10
30,AmH10
30,AmH13
24,AOz10
38,APy10
24,APy15
25,ARo10
26,BiF10
30,BiF13
24,BiF20
24,BLe1
30,BLe5
30,BLe5
24,BLe6
30,BLe8
26,BLe10
30,BLe10
26,BLe11
30,BLe11
30,BLe12
30,BLe15
30,BLe17
24,Ble19
40,Ble19
30,BLe21
36,BLe22
24,BLe23
30,BrP10
30,BrP15
34,BSz10
32,CDe10
30,CHa10
25,CHa14
25,CHa18
25,CHa20
32,CHa25
24,CHa27
40,CMu10
39,DaD10
25,DSc10
30,DSW15
30,DSW18
33,GAS10
24,GrC1
25,GrC12
30,GyM4
30,GyM10
30,GyM20
26,GyM22
25,GyM24
26,GyM26
66,GyM26
30,GyM30
30,GyM33
30,GyM35
27,HJS10
32,HuH15
24,HuH20
66,HPa10
33,IaS10
26,IDu16
26,IDu21
26,IDu22
39,IDu22
26,IDu24
30,IDu24
39,JBs10
33,JCh5
30,JCh10
33,JCh10
30,JCh13
33,JCh13
30,JCh15
33,JCh15
30,JCh20
33,JCh20
45,JFD10
30,JFD10
40,JHs10
24,JPK10
25,JPK15
24,JMl1
39,JSo10
39,JSo15
25,KaK10
25,KaK10
30,KFi10
55,KFi10
31,KrK5
51,KrK20
26,KrK30
26,KrK35
51,KrK38
51,KrK39
51,KrK40
25,LaK1
30,LaK2
30,LaK9
30,LaK13
51,LaK14
51,LaK15
34,LaK18
26,LaK16
32,LaK16
30,LaK23
24,MCa10
26,MGA14
132,MRm20
24,NeJ10
38,NeJ12
24,NeJ14
30,NeJ15
30,NeJ16
24,NeJ20
25,NeJ22
24,NeJ29
26,NeJ29
27,PaB10
39,PWa10
30,RiB1
26,RiB15
30,RiB21
26,RiB21
30,RiB25
50,RiB26
30,RiB28
24,RiB30
24,RLo10
24,RLo24
30,RJR10
24,RT1
28,RT20
40,RT30
24,RtW10
24,RzB10
36,StL10
30,SuS12
26,SuS16
36,SuS16
30,SuS20
25,SuS20
26,SuS25
30,TAv1
31,UEd10
24,UEd20
24,UEd25
28,WaW1
26,WaW2
24,WaW3
24,WaW4
24,WaW5
24,WaW10
30,WaW13
30,WaW14
26,WaW15
24,WaW16
26,WaW20
39,WLu15
38,xHe10
31,YlG10
24,Z8210
27,AdL5
66,AdL6
26,AdL6
26,AdL10
24,AdL14
24,AdL16
24,AdL20
24,AdL25
31,AHu1
26,AJo10
30,AKa5
30,AKa10
51,AKa15
30,AKa15
24,AKa20
30,AlJ1
37,BMs10
31,BnG1
25,BnG13
24,BSt1
24,BSt5
24,BSt10
26,BSt15
24,ByB10
24,CoF10
27,CoF10
40,CoF10
26,DCb10
66,DdH10
30,DLo10
32,DLo13
33,DLo19
24,DWi10
24,EdE10
30,EHo10
30,FOz20
24,FOz20
30,FOz22
24,FOz25
105,FOz29
25,FOz29
33,GCh10
34,GCh20
33,GCh23
26,GJo10
38,GoR1
24,IoA10
24,JJm4
30,JJm6
34,JJm9
45,JJm13
30,JJm13
32,JKw5
30,JKw10
26,JLB1
30,JLB7
30,JLB12
50,JLB14
30,JsS10
38,LCo10
33,LDF10
26,MaC1
26,MaC4
26,MaC8
26,MaC10
30,MaC11
30,MaC12
40,MaC15
31,MKy10
41,MKy10
41,MKy15
31,MWh10
133,MWh10
40,PB10
32,PB12
25,PGr5
47,PGr10
51,PGr12
30,PGr12
66,PGr15
24,PGr16
38,PGr16
24,PGr17
66,PGr20
134,PGr22
40,PLf10
24,PLf10
24,PRb1
24,PrH10
24,PrH11
24,PrH12
27,RbR1
26,RbR2
26,RbR3
26,RbR10
30,RbR10
26,RbR12
24,RbR14
41,RbR18
30,RbR22
34,RDu12
24,RDu15
31,RiC10
24,RMw3
24,RMw10
33,RMw13
31,RMw15
32,RoD10
31,RPe8
24,RPe8
24,RPe20
24,RPe22
24,RWs10
30,PBm1
66,PBm1
26,PBm2
33,SFi10
66,SiN10
24,SlT10
30,SlT10
27,SvF10
33,TeB10
39,ToS1
33,ToS5
33,ToS10
30,ToS12
33,ToS15
32,ToS21
25,ToS23
25,ToS25
25,ToS29
40,VZg10
33,WiD10
36,WiD10
38,WiD20
24,WTMx
30,ACx10
135,ACx12
24,AEy2
24,AEy12
24,AEy14
24,AEy16
24,AEy18
24,AiN10
39,AKu10
24,AvW10
24,AvW12
26,ChS10
30,ChS10
26,ChS13
30,ChS13
26,ChS13
30,ChS20
30,ChS24
25,ChS24
30,DWa10
24,EPy5
24,EPy10
39,FKi10
33,FKi18
45,GnP10
30,HuW10
30,HuW12
30,HuW15
30,HuW22
30,HuW25
30,IHu1
30,IHu11
36,IHu12
26,IHu12
30,IHu15
30,IHu18
30,IHu22
26,IHu25
24,JCi3
24,JCi5
24,JCi10
40,JCi12
24,JCi14
26,JCi17
33,JlC4
33,JlC7
33,JlC10
24,JlC11
24,JlC14
24,JlC16
30,JI1
30,JI2
30,JI4
25,JmF25
39,JmF25
25,JRu1
25,JRu2
25,JRu3
26,JRu5
25,JRu5
25,JRu12
25,JRu14
27,JSe0
39,JZi10
36,LeN3
36,LeN4
30,LeN8
27,LPi10
24,LPi20
136,LPi20
39,MBu10
66,MGr10
66,MGr15
24,MiR5
40,MiR10
26,MiR21
33,MiR21
24,MKa10
24,MKa15
31,MtB10
31,MtB16
137,NBu10
36,NiC10
30,NiC30
30,NIs10
25,PeC10
30,PeM10
24,PeM15
39,PeM20
27,Pri1
27,Pri2
40,RCn30
37,RCn36
38,RCn36
33,RCn39
55,RCn39
31,REp10
31,REp18
24,RhM10
39,RhM10
24,RhM30
25,RhM34
32,RhM37
24,RoJ1
31,RoJ1
40,RoJ10
30,RoJ20
51,RoJ20
25,RTu1
45,RTu3
31,PiS10
24,TMk10
40,ToP10
30,Z0910
36,Z0910
32,AKo10
53,AKo15
42,AKo15
100,Amp6
24,Ari10
26,CCw2
30,CCw2
26,CCw5
24,CCw8
26,CCw10
31,CLz1
33,CST10
33,CST20
26,DDe10
37,GaT3
37,GaT7
37,GaT10
37,GaT11
37,GaT18
31,GoJ20
138,HSB18
37,Ilt1
37,ILt5
37,ILt10
37,ILt15
37,ILt17
37,ILt18
41,IsS5
24,IsS10
24,IsS11
42,IsS15
24,ITu10
66,JqS10
31,JVm4
24,JVm4
31,JVm7
24,JVm7
31,JVm10
24,JVm10
31,JVm17
24,JVm17
33,KBg6
39,KBg8
25,KBg10
24,KBw10
37,KGC10
24,KZs18
24,LCa10
24,LCa14
66,LCa22
24,LiY20
31,LPt10
30,MBl5
26,MBl5
24,MDi10
24,MaG10
26,MaG10
24,MiP10
66,MoT1
66,MoT10
66,MoT12
24,MTo10
30,MzN4
30,MzN10
30,MzN15
37,MzN15
32,OSo10
33,SSh10
30,THo10
26,THo20
30,TiB1
25,TiB2
30,TiB5
38,TiB6
39,TiB8
38,TiB12
40,TiB14
30,TiB17
36,TiB17
39,TiB20
33,WTa10
33,WTa20
45,WTa20
66,ZlK10
66,ZlK20
24,ABu10
40,ACv10
39,APe10
40,AvS10
24,bQs10
24,bQs14
24,bQs20
24,bQs23
24,bQs25
24,bQs30
39,BrG10
40,BrG20
40,BrG25
25,BrG28
31,BWb10
37,DBl10
37,DBl12
37,DBl13
37,DBl15
37,DBl16
37,DBl20
37,DBl24
26,DBl24
30,FdP10
39,FdP10
38,GaM10
30,HoD10
30,HoD20
30,HoD24
30,JoR10
30,JoR15
45,MdV5
26,MdV10
26,MdV14
51,MrD1
51,MrD2
30,PFa10
40,PLu10
36,RHv5
36,RHv7
36,RHv9
36,RHv10
25,RMa10
33,RMa10
26,PtM10
31,RnF10
42,RnF10
31,RnF14
42,RnF14
30,SLJ1
30,SLJ3
30,SLJ4
24,SLJ5
30,SLJ5
40,SLJ7
26,SLJ8
24,SLJ11
24,SLJ12
31,SLJ14
39,SpK10
66,STo10
33,TsH10
24,Z8610
30,Z8630
30,ACl10
24,AlP10
31,AlP15
26,ARb1
39,ATu1
30,CCo2
30,CCo3
26,CCo4
30,CCo5
30,CCo6
30,CCo10
24,CCo11
38,CCo14
26,CGy10
30,CP2
51,CP3
38,CP3
24,CVr10
26,DMa10
28,DMa12
25,DMa13
50,DMa15
38,DMa20
25,DMa20
24,DMa21
30,EAr10
27,EAr12
26,ElB10
24,EtC20
24,EtC25
66,JWy10
39,JWy10
66,JWy15
39,JWy15
139,KYo1
40,LHa1
26,LHa5
30,LHa5
24,LHa10
24,LHa16
26,LHa17
30,LHa17
40,LPs10
31,LVa10
27,LVa10
24,LVa12
39,MGn10
24,MkR10
40,MkR10
42,MRz10
27,MRz10
31,MWl10
38,NCo10
38,NCo11
26,NMv1
24,NMv8
24,NMv10
24,NoM10
39,PMG10
24,PPm10
24,PPm15
38,PRz10
26,PRz15
24,PRz22
31,RtS10
30,RtT10
24,SiG10
24,VNu15
39,VSa10
114,VSa18
24,ABi20
33,ADv10
33,ADv12
33,ADv14
33,ADv15
25,ADv17
33,ADv17
25,ADv22
24,AgH1
24,AgH5
24,AgH10
24,AgH13
24,AgH15
24,AgH19
66,AHo1
33,AnK10
32,BiA1
24,BiA3
40,BiA5
24,BiA7
24,BiA8
24,BiA9
24,BiA10
30,BmF10
25,BSi3
37,BSi10
24,BSi13
66,BZi10
25,CBu6
25,CBu8
25,CBu10
66,CBx10
24,CCr10
25,CCr12
66,CCr12
24,CEd10
24,CEd20
24,ClD1
51,ClD10
53,DGr1
40,DH5
30,DdV2
24,DdV4
26,EAy10
26,GAx1
51,GrA10
91,GKo10
30,GuM1
39,GuM1
30,GuM2
39,GuM2
25,GuM3
38,GuM5
30,GuM5
30,GvR10
140,GvS4
26,GvS8
34,GvS8
24,GvS11
24,HBo10
30,HDu10
24,HeW1
45,HeW5
33,IBC10
66,IGs10
27,IGs20
30,IGs20
66,IlM5
111,IlM10
33,IMT10
33,IMT15
33,IMT20
33,IMT22
24,IMT24
25,IMT29
26,JHH10
24,JrB10
37,KOt10
66,KSR20
66,KSR30
24,KSR35
24,LvT10
26,LvT20
66,LvT20
141,LvT21
24,LvT25
25,MFi10
26,MFi15
25,MFi15
26,MFi18
24,MFi20
30,MGw1
34,MGw2
34,MGw5
40,POC20
24,POC25
26,POC29
30,PTh10
25,RkM10
33,RkM16
33,RNo10
33,RNo20
26,RSh5
40,RSh10
30,RSh15
40,RSh18
26,RSh20
30,RSh20
51,SLo2
24,SSR10
24,SSR12
34,SSR15
30,TAF10
51,TAF10
30,ThS4
40,ThS5
36,ViW1
32,ViW10
142,ViW15
27,yAn10
50,xSz10
30,YoT10
33,Z1811
33,Z1812
33,Z1813
66,Z4810
66,Z4815
26,Z54105
40,Z0310
40,Z0320
66,Z8820
30,AMc10
26,AMc10
51,AMc15
30,AMc15
37,ARv10
30,GFi1
30,Gfi2
40,BNu1
30,BoB1
26,BoB4
25,BRo7
25,BRo10
24,CaB1
66,CaB6
30,ChG2
38,ChG10
30,ChG15
30,ChG18
45,ClZ10
30,ClZ19
39,DHL1
39,DHL6
32,DHL10
31,DOR5
31,DOR8
31,DOR10
39,MSo10
24,DvJ1
24,DvJ2
24,DvJ4
24,DvJ6
24,EKu10
24,EMu1
40,EZw1
32,EZw1
24,EZw4
42,EZw5
33,EZw5
24,EZw7
33,Ezw9
24,FAm10
30,FAm16
25,FAm16
27,GCo1
24,GDG1
39,PGg1
39,PGg9
25,PGg11
24,GTo1
38,GTo2
24,HCa10
31,HCa10
40,IsJ10
24,IsJ12
24,ITo10
30,JHd10
36,JJo1
30,JJo1
32,JJo2
36,JJo2
38,JJo5
40,JJo10
24,JJo10
38,JMd10
40,JSh1
24,JSh2
40,JSh2
24,JSh4
40,JSh4
24,JSh8
24,KBr1
30,KBr3
40,KBr10
30,KBr12
30,KBr14
24,KBr16
24,KBr17
24,KBr18
24,KBr20
24,LPu1
26,MNa13
32,MCJ10
26,MCJ12
40,MCJ14
26,MCJ16
33,MCJ18
30,Mgy5
24,MiB10
31,MiB10
39,MLa10
24,MLa15
39,MLa19
30,MLm1
30,MLm5
24,MTU10
38,PAR10
25,PAR14
30,PAR14
25,PhN10
25,PhN14
25,PhN17
45,PhN20
25,PhN22
26,PPz10
24,PTi10
25,PTV10
24,RaH7
24,RaH10
24,RaH15
40,RaM10
30,RBi10
51,RBi10
30,RJe1
30,RRa10
24,RRa10
39,ShT10
27,SKo1
24,SKo2
24,Sko5
26,Sko5
66,StS1
40,StS2
40,StS5
33,StS10
33,StS13
36,StS14
39,TBi10
30,THy6
143,TSz5
30,TSz10
51,TSz10
33,WHB10
36,WSh1
36,Z8910
30,Z8910
26,AAt10
25,ACu15
144,ACu20
24,ACu23
31,AGo10
30,AmN1
33,AMo13
26,AMo13
28,AMz1
30,AMz5
40,APk10
26,APl10
31,ARt1
24,ASS10
37,BBz10
24,BJq5
30,ChM20
40,CWm10
31,DbC10
24,DlB3
30,EmE10
33,FFf10
40,FFf10
39,FrM1
32,FrM6
24,FrM10
36,FrM10
66,GaO10
33,GeA10
25,GeA30
25,GSl10
25,GSl12
51,HlH1
51,HlH2
45,HlH3
24,HlH9
24,HoF10
39,HPe10
25,IDa10
25,IDa14
51,IDa14
25,IDa17
24,IDa19
31,IEl10
39,IHs10
26,IlE10
40,IMN10
33,IMN10
24,IMN12
30,IMN15
34,IMR10
33,IsF10
66,JdA10
24,JDo10
31,JFC10
36,JGb10
66,JMe1
31,JMe1
30,JLz2
38,JLz2
66,JLz2
30,JnL10
30,JnL12
30,JnL13
30,JnL15
30,JnL18
37,JnN9
38,JnN10
30,JoA10
26,JoA13
24,JoA13
25,JoA15
45,JoA19
30,JWB10
26,JZu10
34,JZu15
24,LuD4
26,MnK20
36,KaA9
25,KaA10
24,KeC1
36,KeC5
36,KeC7
38,Khi20
30,KvR10
24,KvR10
45,LiH10
66,LiH10
26,LuM10
26,LuM13
26,LuM16
26,LuM21
26,LuM25
33,LyD10
38,MiJ5
33,MiJ10
30,MiJ12
55,MiJ15
31,MMr10
24,MPe5
24,MPe10
30,MSm10
30,MSm17
30,MSp10
40,MVh10
24,MYa20
24,NGp10
24,NRe6
26,NRe10
31,PCo10
24,OlA10
47,OlA14
26,OlA15
24,OlA16
40,OlA16
30,PnM8
40,PnM10
26,PnM11
24,PnM12
30,PnM14
33,PhJ10
25,PhJ13
25,PhS10
25,PLe10
26,PLe12
26,PLe15
30,PLe16
26,PLe17
24,PLe21
40,PRP10
26,PuA10
24,PvL5
41,PvL5
33,ReH10
32,ReH16
24,RGu10
24,RGu15
33,RHr8
33,RHr12
30,RnH10
30,RnH13
38,RPr10
39,RSS10
40,RtG10
40,RtG12
66,RWe10
38,SBa10
36,SBa15
30,SBa15
38,SBa20
38,SBa22
24,SCz10
33,SnT20
33,SnT26
30,SnT28
33,SnT28
30,SOe10
30,SOe12
30,SOe15
39,TSa1
24,TSt1
47,PMC10
24,WhS1
30,WhS1
30,WhS3
26,WhS5
24,XaK10
25,YaY10
26,YaY10
39,Z9020
30,Z9030
30,Z9060
37,Z9070
24,ADz10
24,ADz15
27,AGl10
25,AGl12
31,AKe1
27,AKe1
30,AKe5
30,AMi10
38,AMi10
26,AMi12
30,AMi12
26,AMi15
24,AMi15
30,AMi19
66,ASi10
24,BDu2
26,BDu3
30,BDu4
45,BDu10
31,BMo10
26,BrR1
24,BrR5
26,BrR5
30,BS1
39,BS1
26,BS4
30,BS5
39,BS5
30,BS6
26,BS6
30,BS8
33,BS8
45,BS10
30,BS10
33,BS15
30,BS15
25,ByS10
25,ByS15
37,ByS17
36,ByS17
24,CMe10
24,DHr10
24,DHr12
36,DKl10
30,DMH10
24,DMH15
27,DMk10
31,DMk10
31,DSu20
24,DSu20
30,DZu12
33,DZu12
24,ECh10
33,EDi10
33,EDi12
39,EDi14
31,EdY18
24,EdY18
24,FDF10
39,FrG10
36,FrH10
33,FWs10
31,FxB10
30,HrH1
51,HrH1
37,HyS10
24,IBl10
25,IBl15
27,IiS5
27,IiS10
24,IiS15
26,IiS17
31,IrS10
24,ISn1
24,ISn3
24,IWk1
45,IWk3
24,IWk3
25,IWk5
24,IWk10
29,JaR10
26,JAv10
26,JAv15
30,JAv18
24,JBm10
39,JDr10
30,JeR10
31,JLi10
24,JoF1
24,JoF5
30,JoF5
26,JLp1
26,JoB10
43,JoB10
145,JSv10
26,JSv15
31,JVa10
24,JVD5
24,JVD10
30,JyR2
45,JyR2
30,JyR4
45,JyR4
24,KeR10
30,KeH10
33,KuA10
26,LrA10
24,LFZ1
24,LSP10
26,MAD10
30,MiH10
38,MiH18
33,MKb10
39,MKi10
31,MoA10
24,MRP10
34,MRP14
24,MtR1
24,MtR5
37,MtR10
25,NBr10
31,NBr17
37,NiP5
37,NiP10
37,NiP17
24,NyA10
38,OKa10
66,PGl10
30,PHw8
38,PHw10
30,PHw10
30,PRs10
24,PSp10
30,PSp12
30,PSp14
24,RdD10
39,RlE5
33,RlE10
36,RlE20
36,RlE22
24,RlE24
41,RlE24
24,RLl10
24,RLl13
26,RLl15
26,RLl21
30,RUn10
24,SCa10
33,SHp5
33,SHp10
24,SHp13
33,SLe10
33,SLe12
30,SpJ13
31,StN10
24,SyC5
24,SyC10
30,THg25
37,THg33
40,TLW1
24,TLW1
24,TLW5
26,TuB10
24,VNf10
31,WHj1
24,WHj1
25,Z9110
24,Z9120
24,AAn10
24,AAn12
30,AAN14
24,AbH1
30,ADg10
33,ADg10
26,AfA10
31,ANe10
40,AnW10
24,AWk10
66,AWk10
27,BaL1
26,BaL4
27,BaL9
26,BaL9
30,BCr10
24,BeR10
26,BeR12
40,BeR12
26,BKi10
26,BKi12
24,BKi19
30,BLv10
30,BLv12
30,BLv15
30,BLw10
39,BrL10
25,BrL15
37,BSm10
30,ByP10
45,CaF10
86,CrB10
39,CRd10
26,CsS10
38,CsS15
24,CVi10
24,CVi16
24,CyS1
26,DeR10
36,DFi10
25,DFi17
33,DFi17
24,DJR15
30,DPa10
39,DPr10
39,DPr12
24,DvR10
66,FLr10
36,FLr10
30,FRK10
39,FRK10
33,GeE10
30,GeQ10
24,GGh10
31,GGh10
33,GgW10
24,GMK10
24,GMK17
40,GMK17
24,GSi10
30,GSr10
40,HaK20
24,HCn10
30,HDl10
31,HSa10
31,HwF10
24,HWY10
36,IEy10
146,IKe5
66,ILs10
37,IMu10
37,IMu20
144,IMu20
32,IMu22
66,JAx10
45,JbB10
26,JeC10
25,JeC14
30,JGd2
24,JGd2
41,JGd10
30,JoM10
24,JoM10
24,JoM15
30,JOx10
38,JOx10
40,JOx10
24,KeG10
27,KOr1
30,KOr2
33,KSt10
147,KWW8
33,KWW14
25,LBx4
30,LBx5
24,LBx6
31,LuC10
39,MkP1
39,MkG10
99,MkG12
24,MLs10
26,MNv10
24,MSw10
148,MwB10
66,NcC10
40,NJi10
26,NlM10
26,NoE1
26,NoE3
26,NoE5
50,NoE8
27,PCh10
24,PCh15
24,PmR1
45,QTa1
33,QTa3
30,QTa3
24,QTa6
33,RBx10
31,RiS10
24,RiS10
27,RMg5
31,RMg5
45,RMc10
27,RMg10
31,RMg10
27,RMg15
31,RMg15
27,RMg17
31,RMg17
30,RrB10
30,RrB16
24,RrB18
45,RRz1
33,RRz3
45,RRz3
45,RRz5
39,RRz6
39,RTa5
39,RTa10
36,RTa10
32,RTa15
24,SGy5
24,SGy10
24,SGy12
137,SHD10
30,SoW1
24,SvA10
27,THk14
26,THk14
30,THk14
30,TDe10
24,TDe10
30,TDe14
45,TDe18
30,TDe19
45,ToK1
40,ToK1
24,TRb10
40,TRb16
26,VAr10
30,VCy10
24,VyK10
24,VyK13
24,VyK15
39,xNa10
30,VGl10
24,Z9220
32,Z9220
24,Z9230
66,Z9230
38,Z9240
31,Z9250
24,Z9250
30,Ady3
24,Ady3
26,ARw12
30,ABo10
31,AGs10
24,AnL5
30,AnL10
24,AnL12
26,AnL13
149,AnL15
24,AoS10
24,ASh10
24,AuG10
37,BeM10
24,BJR10
26,BLu10
30,BLu12
33,CaS10
24,CCa10
26,CCa13
26,CDv10
24,ChK10
26,ChK10
24,ChK13
30,CNu10
45,DAf10
31,DAP10
31,DGl10
30,DME10
30,DME13
39,DmS1
150,DRz10
37,DZo10
24,EMF10
25,GGM10
31,GGM10
24,GnA10
24,GnA13
40,GoM10
24,GyS10
37,IHo10
30,ILf10
24,IMd10
24,IMd12
41,IMd16
40,IMd17
26,IMd17
27,IMd17
24,INS10
25,JHp10
30,JTu10
24,JTu14
31,JuM10
24,KTI10
26,LeB10
33,LLl10
39,JLy10
66,JLy10
41,KHt1
24,KHt1
24,LlH10
33,MBb10
25,MBb15
26,MBi10
31,MWid15
24,MWid16
32,MkS10
24,MlG1
32,MlG5
31,MLz10
31,MRg10
26,MSb10
30,MSb10
24,MoF1
24,MoF6
30,MtM10
45,NkM10
30,OIo10
31,OvH10
31,OYa10
30,PeJ10
39,PeJ10
38,PeJ20
26,PhG10 
24,PhH10
50,PhH13
137,PYu10
33,RbH8
33,RbH10
26,RbH10
31,RcW10
24,RcW16
40,RcW16
24,RdN10
25,RHk10
45,RkK10
30,RkK15
27,RLn10
39,RmF8
39,RmF10
40,RyM10
36,RSv10
24,RWg10
26,RWg10
24,RWg12
24,RWg13
24,RWg14
24,RWg16
32,SHk10
30,SHk15
127,SiW8
34,SiW10
32,SiW12
32,SiW13
32,SiW14
26,SPt10
66,SPt10
32,SSo10
32,SSo13
39,SSo15
32,SSo16
30,SSu5
30,SSu10
40,StZ1
31,StZ5
24,StZ5
30,SvB04
30,SvB05
30,SvB10
30,SvB12
30,SvB22
30,TCn10
25,TCr10
27,TDa10
30,TDa11
26,TLo10
30,TNa10
66,TNa10
24,TrH10
31,TTN10
30,WhR10
33,WhR10
40,xBa10
30,YuB10
26,YuB14
45,Z9320
24,Z9340
30,Z9350
24,Z9360
36,AAS10
30,AFl10
24,AkS10
39,APr10
51,APr12
31,ArD10
32,ARk10
51,ARk12
30,ASm10
30,BnS10
25,BnS15
31,CFd10
30,CRu10
33,CTK10
32,CTK12
40,CyC10
30,DAl10
31,DDW10
26,DLi10
100,Dli16
24,DLu10
40,DnB10
26,DpM10
26,DpM13
24,DRu10
26,DRu10
30,DRu15
31,DvC10
24,FDa10
151,FDa15
40,FGd10
26,FTr10
30,FTr14
38,GdT10
39,GdT14
36,GdT14
26,GGC10
152,GGC14
26,GuC10
30,HtB10
24,HLv10
30,ILd10
40,IsM14
24,IsM14
24,ISz10
25,JCe10
33,JDB10
25,JDB10
32,JDB11
25,JDB12
30,JLv10
30,JSy10
37,JzG10
32,KOl10
41,LMg10
42,MdH10
26,MdJ10
152,MDn10
26,KDr10
26,KDr15
24,MDw10
26,MkT10
33,MtC10
33,MtC12
32,MtC15
41,NHy10
50,NHy15
27,NHy17
24,NHy17
25,NKz10
24,NnM10
31,PaW10
24,PaW14
30,PaF10
31,PDp10
30,PFr10
30,PFr12
50,PFr15
26,PFr17
30,PFr17
30,PJH10
26,PJH14
27,PJH14
30,PRJ10
30,PSe10
30,PlW10
24,RAA10
37,RgA10
37,RgA11
66,RgC10
66,RgC15
30,RGl10
24,RGl10
30,RlM10
30,RMn10
37,RMn10
24,RnC10
31,RtL10
153,RTo10
26,RTr10
27,RuC10
50,RuC13
40,SgT10
31,SgT10
33,SSl1
26,TBr10
24,TZz10
31,YSt10
27,YSt10
31,YSt12
27,YSt12
24,Z9410
33,AdI15
66,AdI15
26,AJa1
38,AMr10
41,AMr15
43,AMt15
25,AWw3
66,AWw3
36,AWw10
40,BGt10
43,BGt13
30,BTh10
30,BTh13
24,BTh15
30,ChN10
25,DBo6
30,DBo6
154,DBo10
30,DBo12
25,DBo12
26,DBo15
25,DBo15
36,DCn10
33,DCn10
39,DCn12
24,DSa10
30,DvF10
26,EBu8
26,FWh5
26,GSn6
30,GSn10
31,HKa10
38,HKa10
31,HKa12
24,HHH10
30,JBa10
66,JBa10
26,JLa10
30,JLa10
30,JPy10
37,JPy10
37,JPy12
33,JrR10
64,JrR10
24,KDo10
30,KSm1
30,KSm5
33,MBy2
55,MBy5
55,MBy8
26,MBy8
24,MGo5
26,MGo10
24,MMa10
30,MTh10
41,NFi10
24,OPa1
24,Opa2
26,Opa2
30,Opa2
24,SeG10
30,SWm6
30,SWm10
31,TdC10
24,TdC10
36,TOw10
24,UPr1
24,Upr2
39,WMa1
39,WMa2
39,WMa3
37,xQu10
51,xQu15
24,YvA13
24,Z9510
40,Z9530
33,Z9577
24,Z9585
26,Z9585
45,Z9590
24,AbK15
39,AGm10
26,AKr10
30,ASf8
30,ASf10
39,AyW11
30,BdA2
40,BnR10
25,CHp10
45,CTH10
40,DDg10
30,DDg13
26,DIl10
26,DLZ10
30,DPs10
26,DPs10
36,DPs13
30,DPs13
32,DRE10
36,DTw10
25,DTw10
50,ESc10
24,EWi10
24,FSl10
39,GAe10
24,GHb10
26,HMD1
33,IGy10
24,IRu10
26,JMn1
45,JMn2
40,JMn5
24,JMn5
36,JtF1
36,JtF3
40,JuS10
26,JWg10
24,JZa10
26,KKw10
30,KKw10
39,KvY10
24,LLG10
26,Lob9
26,LOb10
26,LOb13
36,LOb15
31,LWo10
155,MeC10
26,MkJ11
30,MkJ11
40,MRa10
26,PDe10
24,RaR12
40,RaR13
26,RHg10
32,SBd10
123,SBd10
24,SBu10
40,ScH10
27,ScH10
24,ScH13
25,STi10
25,TMe10
26,TSu10
44,TSu10
31,VKo13
30,WeA10
30,xSt10
36,xSt10
46,Z9605
82,Z9610
24,Z9620
40,Z9620
26,Z9630
33,Z9640
37,Z9640
30,Z9645
30,Z9650
32,Z9655
33,Z9667
26,Z9676
30,Z9676
30,Z9685
30,Z9688
30,Z9689
30,Z9691
26,Z9693
33,Z9695
24,Z9696
24,ABe10
36,ANi10
24,ARm10
26,ATn10
30,ATn10
26,ATn11
24,ATn12
24,AxP10
24,BFr10
26,BHu10
30,BHu10
24,BPr10
30,BRa10
33,BRa12
30,BSp10
27,BSp12
30,BtS10
26,BtS10
51,CKl4
37,CSm10
31,DRa10
30,DRa10
27,DRa10
104,DWl10
30,FcA10
26,GfD10
30,GfD10
26,GfD11
25,GFl10
24,GOl1
40,GOl1
26,GrM1
40,GrN10
30,GVe10
156,HyK10
38,INi10
24,IPK10
30,IPq10
37,IPq15
66,JcC10
24,JDy10
32,JeS10
30,JfPd10
39,JiG10
30,JKf10
51,JKf10
25,JMw10
26,JNo10
65,JSj10
39,KHe10
24,KLe1
26,KSa10
30,KSa10
45,KSp1
30,LMf10
24,LTa10
33,LTa10
30,MHa10
24,MHe10
24,MHe15
33,MmL10
55,MmL12
31,MUy10
24,MvD10
30,MyS10
24,NCs10
26,NCs10
24,NLB10
30,NLB11
30,PCa10
30,PDc10
66,PTA10
30,PTA12
26,PtC10
32,RCh10
24,SBo10
26,ScW10
26,ScW13
27,SGa10
30,SKe10
30,SlB10
26,SlB10
33,SmW1
24,SmW3
66,SmW3
31,SSv10
30,STu10
30,STu11
26,TSy10
30,TSy10
30,TSy12
26,TSy12
24,TVb10
30,TVi10
30,VCH10
27,VHd10
24,xDv10
66,YRu10
24,YRu10
41,XWZ15
42,XWZ15
24,Z9730
25,Z9750
66,Z9780
38,Z9783
26,Z9783
37,Z9788
39,Z9790
25,AAm10
24,AKl10
37,ACh10
157,ASt10
39,AtB11
40,ATk10
40,Atk12
26,AWe10
24,AxB10
24,BCo10
40,BCo10
158,BrD11
37,BPl10
24,BYa10
24,CAd10
24,CLi10
36,CrC10
25,DDk10
34,DDk10
51,DDk10
30,DEl10
24,DMc1
39,DMy5
39,DMy10
30,DRo10
51,DRo10
30,DvD10
24,EDr10
32,EHe10
25,ESk10
30,EwD10
37,EwD10
26,FCr10
30,FCr10
30,FCr11
37,Fdu10
30,FOp10
45,GGy10
38,GyR10
30,GyR10
30,IFo10
50,IKu10
30,IRo10
144,IRo10
25,IPi10
39,JBk10
40,JDm10
25,JfB10
159,JGK2
37,JHa10
27,JHq10
51,JJC10
24,JKr10
30,JKr10
24,JPe10
30,JSp1
37,JKt10
31,KLg10
24,LCl10
66,LCl10
24,MaA10
30,MaI10
27,MEk10
40,MiM10
40,MiM13
30,MiM10
30,MJu10
26,MnP10
24,MnP10
24,MPo10
24,MrF10
30,MRh10
24,MSJ10
39,MWz10
43,NAb10
50,NHa10
24,NcG10
144,NMe10
30,NVe10
51,NVe10
37,NVg10
24,PAn10
26,PAu10
30,PBe10
24,PHo10
30,PtP10
25,QuL10
50,RgH10
26,RLG10
41,RWc10
24,RWc10
24,SdG1
24,SDv10
30,SfS10
30,SGu10
26,SGu10
25,SGu10
41,SKa10
30,SmS10
39,SNo10
24,SpS10
24,SRu10
24,SSb10
160,SSb12
30,StE10
31,SuF10
24,SwS10
25,SwS10
30,SwS10
24,TBe1
24,TFg1
24,TiH10
24,TJk10
66,TPa10
30,TPa10
37,TPa15
33,TTy10
33,TyK10
30,VGa10
30,VGa12
50,VMi10
24,USt10
26,USt10
144,vSM10
24,xPr10
30,xPr10
161,xSa10
30,Z9820
38,Z9830
33,Z9840
24,Z9895
31,ACo10
24,AGi10
37,AeP10
24,SAo10
24,ArJ10
41,ASv10
25,BPi10
136,BPi10
25,CNo1
26,BMc10
30,BMc10
31,CrS10
30,DFg10
31,DgB10
30,DiK10
26,DiK10
25,DLv10
26,DLv10
31,DzJ10
26,EZo10
26,GAg10
24,GeH10
30,GJu1
45,GRt1
25,HFa1
31,HHm10
27,HHm10
37,HyM10
38,HyM10
31,IvN10
41,JgW10
24,JgW10
24,JnC1
26,JnC10
27,JqM10
31,KPe10
24,KPe10
45,KvG10
27,KvG10
24,LBF10
33,LMo10
24,LMy1
24,LMy3
30,LMy3
40,LUl10
46,LyR1
28,MBk10
66,MGP10
26,MlP10
30,MlP10
24,MMj10
33,MMj10
30,MMy10
45,MMy10
26,MVe10
31,NtB10
31,NtB10
31,PdF10
37,PeL10
24,PeK10
24,PMz10
41,PMz10
30,PWz10
50,RGo10
31,RkB10
27,RkB10
26,RMt10
50,RsG10
31,RWd10
24,SMe1
31,SMf10
144,SyT10
24,TGw10
26,TGw10
25,TMt10
26,TnM10
24,TnM10
24,TRo1
31,VFu10
36,VNa10
39,VNa10
42,xCh10
30,Z9920
36,Z9950
66,Z9950
63,Z9955
24,Z9960
46,Z9970
37,Z9995
40,AiE10
26,DdD10
31,GLw10
66,GLw10
24,ILy10
24,JCu10
40,JmC10
27,JmC10
30,KIW10
39,KIW10
30,SCr10
50,SCs10
31,ADm10
25,DMl10
105,JGz1
25,MCf10
26,NcM10
30,NcM10
26,RLu10
30,RLu10
26,SfG1
26,SfG1
26,SMg10
40,JeN10
24,TFd10
24,JSx0
81,MFo10
